<aetgt:getResponse xmlns:aetgt="http://schemas.active-endpoints.com/appmodules/repository/2010/10/avrepository.xsd"
                   xmlns:types1="http://schemas.active-endpoints.com/appmodules/repository/2010/10/avrepository.xsd">
   <types1:Item>
      <types1:EntryId>aaa-gt-3882640-2026-02-06T19:28:59.005Z::tf.xml</types1:EntryId>
      <types1:Name>DIM_TASKFLOW_COMPLETE</types1:Name>
      <types1:MimeType>application/xml+taskflow</types1:MimeType>
      <types1:Description/>
      <types1:AppliesTo/>
      <types1:Tags/>
      <types1:VersionLabel>1.0</types1:VersionLabel>
      <types1:State>CURRENT</types1:State>
      <types1:ProcessGroup/>
      <types1:CreatedBy>shettybros</types1:CreatedBy>
      <types1:CreationDate>2026-02-06T19:28:59Z</types1:CreationDate>
      <types1:ModifiedBy>shettybros</types1:ModifiedBy>
      <types1:ModificationDate>2026-02-07T06:08:26Z</types1:ModificationDate>
      <types1:PublicationStatus>out-of-date</types1:PublicationStatus>
      <types1:PublishedBy>shettybros</types1:PublishedBy>
      <types1:PublicationDate>2026-02-06T19:54:37Z</types1:PublicationDate>
      <types1:PublishedContributionId>project:/tf.DIM_TASKFLOW_COMPLETE/DIM_TASKFLOW_COMPLETE.tf.xml</types1:PublishedContributionId>
      <types1:Entry>
         <taskflow xmlns="http://schemas.active-endpoints.com/appmodules/screenflow/2010/10/avosScreenflow.xsd"
                   xmlns:tfm="http://schemas.active-endpoints.com/appmodules/screenflow/2021/04/taskflowModel.xsd"
                   xmlns:list="urn:activevos:spi:list:functions"
                   displayName="DIM_TASKFLOW_COMPLETE"
                   name="DIM_TASKFLOW_COMPLETE"
                   overrideAPIName="false">
            <parameterSet xmlns="http://schemas.active-endpoints.com/appmodules/screenflow/2021/04/taskflowModel.xsd"/>
            <appliesTo/>
            <description/>
            <tags/>
            <generator>Informatica Process Designer 11</generator>
            <tempFields>
               <field description="" name="DIM_BORROWER" type="reference">
                  <options>
                     <option name="referenceTo">$po:FINAL-BORROWER-MT-7Mn9GMClXpFlX0wKuReCUu</option>
                     <option name="failOnNotRun">false</option>
                     <option name="failOnFault">false</option>
                  </options>
               </field>
               <field description="" name="DIM_BRANCH" type="reference">
                  <options>
                     <option name="failOnNotRun">false</option>
                     <option name="failOnFault">false</option>
                     <option name="referenceTo">$po:FINAL-BRANCH-MT-8KfejFLEdQ4dH4YF6gp4yw</option>
                  </options>
               </field>
               <field description="" name="DIM_LOAN" type="reference">
                  <options>
                     <option name="failOnNotRun">false</option>
                     <option name="failOnFault">false</option>
                     <option name="referenceTo">$po:FINAL-LOAN-MT-8Y1KNRlew47j5tBxEINf0U</option>
                  </options>
               </field>
               <field description="" name="DIM_DATE" type="reference">
                  <options>
                     <option name="failOnNotRun">false</option>
                     <option name="failOnFault">false</option>
                     <option name="referenceTo">$po:mt-dim-date-lvx4Gm1EOQcheZ8WD53okX</option>
                  </options>
               </field>
               <field description="" name="FACT_LOAN_TXN_CREATION" type="reference">
                  <options>
                     <option name="referenceTo">$po:InternalInfaSubTaskflowField</option>
                     <option name="failOnNotRun">false</option>
                     <option name="failOnFault">false</option>
                  </options>
               </field>
            </tempFields>
            <notes/>
            <deployment skipIfRunning="false" suspendOnFault="false" tracingLevel="verbose">
               <rest>
                  <allowedUsers>
                     <user>shettybros</user>
                  </allowedUsers>
               </rest>
            </deployment>
            <extData>
               <nvpair name="treatEmptyStringAsNotNull">false</nvpair>
               <nvpair name="treatEmptyObjectListAsArray">false</nvpair>
            </extData>
            <flow id="a">
               <start id="b">
                  <link id="j3wgfeko" targetId="j3wgfekn"/>
               </start>
               <container id="j3wgfekn" type="parallel">
                  <title>Parallel Paths 1</title>
                  <flow id="j3wgfekr">
                     <eventContainer id="mlb9ryc2">
                        <service id="j3wgfel2">
                           <title>DIM_BORROWER</title>
                           <serviceName>ICSExecuteDataTask</serviceName>
                           <serviceGUID/>
                           <serviceInput>
                              <parameter name="Wait for Task to Complete" source="constant" updatable="true">true</parameter>
                              <parameter name="Max Wait" source="constant" updatable="true">604800</parameter>
                              <parameter name="Task Name" source="constant" updatable="true">FINAL_BORROWER_MT</parameter>
                              <parameter name="GUID" source="constant" updatable="true">7Mn9GMClXpFlX0wKuReCUu</parameter>
                              <parameter name="Task Type" source="constant" updatable="true">MCT</parameter>
                              <parameter name="Has Inout Parameters" source="constant" updatable="true">false</parameter>
                              <parameter name="taskField" source="nested">
                                 <operation source="field" to="FINAL-BORROWER-MT-7Mn9GMClXpFlX0wKuReCUu">temp.DIM_BORROWER</operation>
                              </parameter>
                           </serviceInput>
                           <serviceOutput>
                              <operation source="field" to="temp.DIM_BORROWER/output/Object_Name">Object Name</operation>
                              <operation source="field" to="temp.DIM_BORROWER/output/Run_Id">Run Id</operation>
                              <operation source="field" to="temp.DIM_BORROWER/output/Log_Id">Log Id</operation>
                              <operation source="field" to="temp.DIM_BORROWER/output/Task_Id">Task Id</operation>
                              <operation source="field" to="temp.DIM_BORROWER/output/Task_Status">Task Status</operation>
                              <operation source="field" to="temp.DIM_BORROWER/output/Success_Source_Rows">Success Source Rows</operation>
                              <operation source="field" to="temp.DIM_BORROWER/output/Failed_Source_Rows">Failed Source Rows</operation>
                              <operation source="field" to="temp.DIM_BORROWER/output/Success_Target_Rows">Success Target Rows</operation>
                              <operation source="field" to="temp.DIM_BORROWER/output/Failed_Target_Rows">Failed Target Rows</operation>
                              <operation source="field" to="temp.DIM_BORROWER/output/Start_Time">Start Time</operation>
                              <operation source="field" to="temp.DIM_BORROWER/output/End_Time">End Time</operation>
                              <operation source="field" to="temp.DIM_BORROWER/output/Error_Message">Error Message</operation>
                              <operation source="field" to="temp.DIM_BORROWER/output/TotalTransErrors">Total Transformation Errors</operation>
                              <operation source="field" to="temp.DIM_BORROWER/output/FirstErrorCode">First Error Code</operation>
                           </serviceOutput>
                        </service>
                        <events>
                           <catch faultField="temp.DIM_BORROWER/fault"
                                  id="mlb9ryc0"
                                  interrupting="true"
                                  name="error">
                              <suspend/>
                           </catch>
                           <catch faultField="temp.DIM_BORROWER/fault"
                                  id="mlb9ryc1"
                                  interrupting="true"
                                  name="warning"/>
                        </events>
                     </eventContainer>
                     <link id="j3wgfeks" targetId="j3wgfekn" type="containerLink"/>
                  </flow>
                  <flow id="j3wgfeku">
                     <eventContainer id="mlb9ryde">
                        <service id="j3wgfelc">
                           <title>DIM_BRANCH</title>
                           <serviceName>ICSExecuteDataTask</serviceName>
                           <serviceGUID/>
                           <serviceInput>
                              <parameter name="Wait for Task to Complete" source="constant" updatable="true">true</parameter>
                              <parameter name="Max Wait" source="constant" updatable="true">604800</parameter>
                              <parameter name="Task Name" source="constant" updatable="true">FINAL_BRANCH_MT</parameter>
                              <parameter name="GUID" source="constant" updatable="true">8KfejFLEdQ4dH4YF6gp4yw</parameter>
                              <parameter name="Task Type" source="constant" updatable="true">MCT</parameter>
                              <parameter name="Has Inout Parameters" source="constant" updatable="true">false</parameter>
                              <parameter name="taskField" source="nested">
                                 <operation source="field" to="FINAL-BRANCH-MT-8KfejFLEdQ4dH4YF6gp4yw">temp.DIM_BRANCH</operation>
                              </parameter>
                           </serviceInput>
                           <serviceOutput>
                              <operation source="field" to="temp.DIM_BRANCH/output/Object_Name">Object Name</operation>
                              <operation source="field" to="temp.DIM_BRANCH/output/Run_Id">Run Id</operation>
                              <operation source="field" to="temp.DIM_BRANCH/output/Log_Id">Log Id</operation>
                              <operation source="field" to="temp.DIM_BRANCH/output/Task_Id">Task Id</operation>
                              <operation source="field" to="temp.DIM_BRANCH/output/Task_Status">Task Status</operation>
                              <operation source="field" to="temp.DIM_BRANCH/output/Success_Source_Rows">Success Source Rows</operation>
                              <operation source="field" to="temp.DIM_BRANCH/output/Failed_Source_Rows">Failed Source Rows</operation>
                              <operation source="field" to="temp.DIM_BRANCH/output/Success_Target_Rows">Success Target Rows</operation>
                              <operation source="field" to="temp.DIM_BRANCH/output/Failed_Target_Rows">Failed Target Rows</operation>
                              <operation source="field" to="temp.DIM_BRANCH/output/Start_Time">Start Time</operation>
                              <operation source="field" to="temp.DIM_BRANCH/output/End_Time">End Time</operation>
                              <operation source="field" to="temp.DIM_BRANCH/output/Error_Message">Error Message</operation>
                              <operation source="field" to="temp.DIM_BRANCH/output/TotalTransErrors">Total Transformation Errors</operation>
                              <operation source="field" to="temp.DIM_BRANCH/output/FirstErrorCode">First Error Code</operation>
                           </serviceOutput>
                        </service>
                        <events>
                           <catch faultField="temp.DIM_BRANCH/fault"
                                  id="mlb9rydc"
                                  interrupting="true"
                                  name="error">
                              <suspend/>
                           </catch>
                           <catch faultField="temp.DIM_BRANCH/fault"
                                  id="mlb9rydd"
                                  interrupting="true"
                                  name="warning"/>
                        </events>
                     </eventContainer>
                     <link id="j3wgfekv" targetId="j3wgfekn" type="containerLink"/>
                  </flow>
                  <flow id="mlb9ryet">
                     <eventContainer id="mlb9rygd">
                        <service id="mlb9ryfb">
                           <title>DIM_LOAN</title>
                           <serviceName>ICSExecuteDataTask</serviceName>
                           <serviceGUID/>
                           <serviceInput>
                              <parameter name="Wait for Task to Complete" source="constant" updatable="true">true</parameter>
                              <parameter name="Max Wait" source="constant" updatable="true">604800</parameter>
                              <parameter name="Task Name" source="constant" updatable="true">FINAL_LOAN_MT</parameter>
                              <parameter name="GUID" source="constant" updatable="true">8Y1KNRlew47j5tBxEINf0U</parameter>
                              <parameter name="Task Type" source="constant" updatable="true">MCT</parameter>
                              <parameter name="Has Inout Parameters" source="constant" updatable="true">false</parameter>
                              <parameter name="taskField" source="nested">
                                 <operation source="field" to="FINAL-LOAN-MT-8Y1KNRlew47j5tBxEINf0U">temp.DIM_LOAN</operation>
                              </parameter>
                           </serviceInput>
                           <serviceOutput>
                              <operation source="field" to="temp.DIM_LOAN/output/Object_Name">Object Name</operation>
                              <operation source="field" to="temp.DIM_LOAN/output/Run_Id">Run Id</operation>
                              <operation source="field" to="temp.DIM_LOAN/output/Log_Id">Log Id</operation>
                              <operation source="field" to="temp.DIM_LOAN/output/Task_Id">Task Id</operation>
                              <operation source="field" to="temp.DIM_LOAN/output/Task_Status">Task Status</operation>
                              <operation source="field" to="temp.DIM_LOAN/output/Success_Source_Rows">Success Source Rows</operation>
                              <operation source="field" to="temp.DIM_LOAN/output/Failed_Source_Rows">Failed Source Rows</operation>
                              <operation source="field" to="temp.DIM_LOAN/output/Success_Target_Rows">Success Target Rows</operation>
                              <operation source="field" to="temp.DIM_LOAN/output/Failed_Target_Rows">Failed Target Rows</operation>
                              <operation source="field" to="temp.DIM_LOAN/output/Start_Time">Start Time</operation>
                              <operation source="field" to="temp.DIM_LOAN/output/End_Time">End Time</operation>
                              <operation source="field" to="temp.DIM_LOAN/output/Error_Message">Error Message</operation>
                              <operation source="field" to="temp.DIM_LOAN/output/TotalTransErrors">Total Transformation Errors</operation>
                              <operation source="field" to="temp.DIM_LOAN/output/FirstErrorCode">First Error Code</operation>
                           </serviceOutput>
                        </service>
                        <events>
                           <catch faultField="temp.DIM_LOAN/fault"
                                  id="mlb9rygb"
                                  interrupting="true"
                                  name="error">
                              <suspend/>
                           </catch>
                           <catch faultField="temp.DIM_LOAN/fault"
                                  id="mlb9rygc"
                                  interrupting="true"
                                  name="warning"/>
                        </events>
                     </eventContainer>
                     <link id="mlb9ryeu" targetId="j3wgfekn" type="containerLink"/>
                  </flow>
                  <flow id="mlb9ryf1">
                     <eventContainer id="mlb9rygm">
                        <service id="mlb9ryfl">
                           <title>DIM_DATE</title>
                           <serviceName>ICSExecuteDataTask</serviceName>
                           <serviceGUID/>
                           <serviceInput>
                              <parameter name="Wait for Task to Complete" source="constant" updatable="true">true</parameter>
                              <parameter name="Max Wait" source="constant" updatable="true">604800</parameter>
                              <parameter name="Task Name" source="constant" updatable="true">mt_dim_date</parameter>
                              <parameter name="GUID" source="constant" updatable="true">lvx4Gm1EOQcheZ8WD53okX</parameter>
                              <parameter name="Task Type" source="constant" updatable="true">MCT</parameter>
                              <parameter name="Has Inout Parameters" source="constant" updatable="true">true</parameter>
                              <parameter name="taskField" source="nested">
                                 <operation source="field" to="mt-dim-date-lvx4Gm1EOQcheZ8WD53okX">temp.DIM_DATE</operation>
                              </parameter>
                           </serviceInput>
                           <serviceOutput>
                              <operation source="field" to="temp.DIM_DATE/output/Object_Name">Object Name</operation>
                              <operation source="field" to="temp.DIM_DATE/output/Run_Id">Run Id</operation>
                              <operation source="field" to="temp.DIM_DATE/output/Log_Id">Log Id</operation>
                              <operation source="field" to="temp.DIM_DATE/output/Task_Id">Task Id</operation>
                              <operation source="field" to="temp.DIM_DATE/output/Task_Status">Task Status</operation>
                              <operation source="field" to="temp.DIM_DATE/output/Success_Source_Rows">Success Source Rows</operation>
                              <operation source="field" to="temp.DIM_DATE/output/Failed_Source_Rows">Failed Source Rows</operation>
                              <operation source="field" to="temp.DIM_DATE/output/Success_Target_Rows">Success Target Rows</operation>
                              <operation source="field" to="temp.DIM_DATE/output/Failed_Target_Rows">Failed Target Rows</operation>
                              <operation source="field" to="temp.DIM_DATE/output/Start_Time">Start Time</operation>
                              <operation source="field" to="temp.DIM_DATE/output/End_Time">End Time</operation>
                              <operation source="field" to="temp.DIM_DATE/output/Error_Message">Error Message</operation>
                              <operation source="field" to="temp.DIM_DATE/output/TotalTransErrors">Total Transformation Errors</operation>
                              <operation source="field" to="temp.DIM_DATE/output/FirstErrorCode">First Error Code</operation>
                              <operation source="field" to="temp.DIM_DATE/inout/P_START_YEAR">P_START_YEAR</operation>
                              <operation source="field" to="temp.DIM_DATE/inout/P_NO_OF_YEARS">P_NO_OF_YEARS</operation>
                           </serviceOutput>
                        </service>
                        <events>
                           <catch faultField="temp.DIM_DATE/fault"
                                  id="mlb9rygk"
                                  interrupting="true"
                                  name="error">
                              <suspend/>
                           </catch>
                           <catch faultField="temp.DIM_DATE/fault"
                                  id="mlb9rygl"
                                  interrupting="true"
                                  name="warning"/>
                        </events>
                     </eventContainer>
                     <link id="mlb9ryf2" targetId="j3wgfekn" type="containerLink"/>
                  </flow>
                  <link id="j3wgfekq" targetId="j3wgfekr" type="containerLink"/>
                  <link id="j3wgfekt" targetId="j3wgfeku" type="containerLink"/>
                  <link id="mlb9ryes" targetId="mlb9ryet" type="containerLink"/>
                  <link id="mlb9ryf0" targetId="mlb9ryf1" type="containerLink"/>
                  <link id="j3wgfeln" targetId="j3wgfelm"/>
               </container>
               <container id="j3wgfelm" type="exclusive">
                  <title>Decision 1</title>
                  <flow id="j3wgfelq">
                     <eventContainer id="mlb9rymh">
                        <service id="mlb9ryly">
                           <title>DIMENSIONS_SUCCESS</title>
                           <serviceName>emailNotificationService</serviceName>
                           <serviceGUID/>
                           <serviceInput>
                              <parameter name="Email To" source="constant">sumitkumargore77@gmail.com</parameter>
                              <parameter name="Email Cc" source="constant"/>
                              <parameter name="Email Bcc" source="constant"/>
                              <parameter name="Email Subject" source="constant"/>
                              <parameter name="Email Content Type" source="constant">text</parameter>
                              <parameter name="Email Body" source="constant"> &lt;p&gt;Dimension tables were created successfully.&lt;/p&gt; </parameter>
                           </serviceInput>
                           <serviceOutput/>
                        </service>
                        <link id="mlb9rypd" targetId="mlb9rypc"/>
                        <events>
                           <catch faultField="temp.dummyTF5895/fault"
                                  id="mlb9rylv"
                                  interrupting="true"
                                  name="warning"/>
                        </events>
                     </eventContainer>
                     <subflow id="mlb9rypc">
                        <title>FACT_LOAN_TXN_CREATION</title>
                        <subflowGUID>3UKCzXnjk6mkzASbD7llAV</subflowGUID>
                        <subflowPath>FACT_LOAN_TXN_TASKFLOW</subflowPath>
                        <runForEach>false</runForEach>
                        <input/>
                        <outputDef/>
                     </subflow>
                     <link id="j3wgfelr" targetId="j3wgfelm" type="containerLink"/>
                  </flow>
                  <flow id="j3wgfelt">
                     <eventContainer id="mlb9rynl">
                        <service id="mlb9ryn2">
                           <title>DIMENSION_FAILURE</title>
                           <serviceName>emailNotificationService</serviceName>
                           <serviceGUID/>
                           <serviceInput>
                              <parameter name="Email To" source="constant">sumitkumargore77@gmail.com</parameter>
                              <parameter name="Email Cc" source="constant"/>
                              <parameter name="Email Bcc" source="constant"/>
                              <parameter name="Email Subject" source="constant"/>
                              <parameter name="Email Content Type" source="constant">text</parameter>
                              <parameter name="Email Body" source="constant"> &lt;p&gt;Dimension table creation failed.&lt;/p&gt; </parameter>
                           </serviceInput>
                           <serviceOutput/>
                        </service>
                        <events>
                           <catch faultField="temp.dummyTF5895/fault"
                                  id="mlb9rymz"
                                  interrupting="true"
                                  name="warning"/>
                        </events>
                     </eventContainer>
                     <link id="j3wgfelu" targetId="j3wgfelm" type="containerLink"/>
                  </flow>
                  <link id="j3wgfelp" targetId="j3wgfelq" type="containerLink">
                     <condition source="formula">
                        <function name="contains">
                           <arg name="left" source="formula">{if($temp.DIM_BORROWER[1]/output[1]/Task_Status = 1 and 
   $temp.DIM_BRANCH[1]/output[1]/Task_Status = 1 and 
   $temp.DIM_LOAN[1]/output[1]/Task_Status = 1 and 
   $temp.DIM_DATE[1]/output[1]/Task_Status = 1
   ) then 1 else 0}</arg>
                           <arg name="right">1</arg>
                        </function>
                     </condition>
                  </link>
                  <link id="j3wgfels" targetId="j3wgfelt" type="containerLink"/>
                  <link id="j3wgfelo" targetId="c"/>
               </container>
               <end id="c"/>
            </flow>
            <dependencies>
               <processObject xmlns="http://schemas.active-endpoints.com/appmodules/screenflow/2011/06/avosHostEnvironment.xsd"
                              displayName="FINAL-BORROWER-MT-7Mn9GMClXpFlX0wKuReCUu"
                              isByCopy="true"
                              name="FINAL-BORROWER-MT-7Mn9GMClXpFlX0wKuReCUu">
                  <description/>
                  <tags/>
                  <detail>
                     <field label="TaskProperties Parameters"
                            name="taskProperties"
                            nullable="true"
                            required="false"
                            type="reference"/>
                     <field label="Output Parameters"
                            name="output"
                            nullable="true"
                            required="false"
                            type="reference"/>
                     <field label="Fault"
                            name="fault"
                            nullable="true"
                            required="false"
                            type="reference"/>
                     <field label="Max Wait (Seconds)"
                            name="Max_Wait"
                            nullable="true"
                            required="false"
                            type="int"/>
                  </detail>
               </processObject>
               <processObject xmlns="http://schemas.active-endpoints.com/appmodules/screenflow/2011/06/avosHostEnvironment.xsd"
                              displayName="FINAL-BRANCH-MT-8KfejFLEdQ4dH4YF6gp4yw"
                              isByCopy="true"
                              name="FINAL-BRANCH-MT-8KfejFLEdQ4dH4YF6gp4yw">
                  <description/>
                  <tags/>
                  <detail>
                     <field label="TaskProperties Parameters"
                            name="taskProperties"
                            nullable="true"
                            required="false"
                            type="reference"/>
                     <field label="Output Parameters"
                            name="output"
                            nullable="true"
                            required="false"
                            type="reference"/>
                     <field label="Fault"
                            name="fault"
                            nullable="true"
                            required="false"
                            type="reference"/>
                     <field label="Max Wait (Seconds)"
                            name="Max_Wait"
                            nullable="true"
                            required="false"
                            type="int"/>
                  </detail>
               </processObject>
               <processObject xmlns="http://schemas.active-endpoints.com/appmodules/screenflow/2011/06/avosHostEnvironment.xsd"
                              displayName="FINAL-LOAN-MT-8Y1KNRlew47j5tBxEINf0U"
                              isByCopy="true"
                              name="FINAL-LOAN-MT-8Y1KNRlew47j5tBxEINf0U">
                  <description/>
                  <tags/>
                  <detail>
                     <field label="TaskProperties Parameters"
                            name="taskProperties"
                            nullable="true"
                            required="false"
                            type="reference"/>
                     <field label="Output Parameters"
                            name="output"
                            nullable="true"
                            required="false"
                            type="reference"/>
                     <field label="Fault"
                            name="fault"
                            nullable="true"
                            required="false"
                            type="reference"/>
                     <field label="Max Wait (Seconds)"
                            name="Max_Wait"
                            nullable="true"
                            required="false"
                            type="int"/>
                  </detail>
               </processObject>
               <processObject xmlns="http://schemas.active-endpoints.com/appmodules/screenflow/2011/06/avosHostEnvironment.xsd"
                              displayName="mt-dim-date-lvx4Gm1EOQcheZ8WD53okX"
                              isByCopy="true"
                              name="mt-dim-date-lvx4Gm1EOQcheZ8WD53okX">
                  <description/>
                  <tags/>
                  <detail>
                     <field label="InOut Parameters"
                            name="inout"
                            nullable="true"
                            required="false"
                            type="reference"/>
                     <field label="TaskProperties Parameters"
                            name="taskProperties"
                            nullable="true"
                            required="false"
                            type="reference"/>
                     <field label="Output Parameters"
                            name="output"
                            nullable="true"
                            required="false"
                            type="reference"/>
                     <field label="Fault"
                            name="fault"
                            nullable="true"
                            required="false"
                            type="reference"/>
                     <field label="Max Wait (Seconds)"
                            name="Max_Wait"
                            nullable="true"
                            required="false"
                            type="int"/>
                  </detail>
               </processObject>
               <processObject xmlns="http://schemas.active-endpoints.com/appmodules/screenflow/2011/06/avosHostEnvironment.xsd"
                              displayName="InternalInfaSubTaskflowField"
                              isByCopy="true"
                              name="InternalInfaSubTaskflowField">
                  <description>This process object represents a subtaskflow type reference field.</description>
                  <tags/>
                  <detail/>
               </processObject>
            </dependencies>
         </taskflow>
      </types1:Entry>
      <types1:GUID>111dpvFAWRTeF7QGaYFYCv</types1:GUID>
      <types1:DisplayName>DIM_TASKFLOW_COMPLETE</types1:DisplayName>
   </types1:Item>
   <types1:CurrentServerDateTime>2026-02-07T09:15:12.597Z</types1:CurrentServerDateTime>
</aetgt:getResponse>
