<aetgt:getResponse xmlns:aetgt="http://schemas.active-endpoints.com/appmodules/repository/2010/10/avrepository.xsd"
                   xmlns:types1="http://schemas.active-endpoints.com/appmodules/repository/2010/10/avrepository.xsd">
   <types1:Item>
      <types1:EntryId>ImXycotFgpKi9zh-gt-3875760-2026-02-06T18:54:14.549Z::tf.xml</types1:EntryId>
      <types1:Name>FACT_LOAN_TXN_TASKFLOW</types1:Name>
      <types1:MimeType>application/xml+taskflow</types1:MimeType>
      <types1:Description/>
      <types1:AppliesTo/>
      <types1:Tags/>
      <types1:VersionLabel>1.0</types1:VersionLabel>
      <types1:State>CURRENT</types1:State>
      <types1:ProcessGroup/>
      <types1:CreatedBy>shettybros</types1:CreatedBy>
      <types1:CreationDate>2026-02-06T18:54:15Z</types1:CreationDate>
      <types1:ModifiedBy>shettybros</types1:ModifiedBy>
      <types1:ModificationDate>2026-02-07T06:28:46Z</types1:ModificationDate>
      <types1:PublicationStatus>out-of-date</types1:PublicationStatus>
      <types1:PublishedBy>shettybros</types1:PublishedBy>
      <types1:PublicationDate>2026-02-06T19:54:37Z</types1:PublicationDate>
      <types1:PublishedContributionId>project:/tf.FACT_LOAN_TXN_TASKFLOW/FACT_LOAN_TXN_TASKFLOW.tf.xml</types1:PublishedContributionId>
      <types1:Entry>
         <taskflow xmlns="http://schemas.active-endpoints.com/appmodules/screenflow/2010/10/avosScreenflow.xsd"
                   xmlns:tfm="http://schemas.active-endpoints.com/appmodules/screenflow/2021/04/taskflowModel.xsd"
                   xmlns:list="urn:activevos:spi:list:functions"
                   displayName="FACT_LOAN_TXN_TASKFLOW"
                   name="FACT_LOAN_TXN_TASKFLOW"
                   overrideAPIName="false">
            <parameterSet xmlns="http://schemas.active-endpoints.com/appmodules/screenflow/2021/04/taskflowModel.xsd"/>
            <appliesTo/>
            <description/>
            <tags/>
            <generator>Informatica Process Designer 11</generator>
            <tempFields>
               <field description="" name="FACT_TABLE_CREATION" type="reference">
                  <options>
                     <option name="failOnNotRun">false</option>
                     <option name="failOnFault">false</option>
                     <option name="referenceTo">$po:FINAL-FACT-MT-8nxnUENPFqveMtM3PMISWr</option>
                  </options>
               </field>
            </tempFields>
            <notes/>
            <deployment skipIfRunning="false" suspendOnFault="false" tracingLevel="verbose">
               <rest>
                  <allowedUsers>
                     <user>shettybros</user>
                  </allowedUsers>
               </rest>
            </deployment>
            <extData>
               <nvpair name="treatEmptyStringAsNotNull">false</nvpair>
               <nvpair name="treatEmptyObjectListAsArray">false</nvpair>
            </extData>
            <flow id="a">
               <start id="b">
                  <link id="mlb8tzll" targetId="mlb8tzm8"/>
               </start>
               <eventContainer id="mlb8tzm8">
                  <service id="mlb8tzlk">
                     <title>FACT_TABLE_CREATION</title>
                     <serviceName>ICSExecuteDataTask</serviceName>
                     <serviceGUID/>
                     <serviceInput>
                        <parameter name="Wait for Task to Complete" source="constant" updatable="true">true</parameter>
                        <parameter name="Max Wait" source="constant" updatable="true">604800</parameter>
                        <parameter name="Task Name" source="constant" updatable="true">FINAL_FACT_MT</parameter>
                        <parameter name="GUID" source="constant" updatable="true">8nxnUENPFqveMtM3PMISWr</parameter>
                        <parameter name="Task Type" source="constant" updatable="true">MCT</parameter>
                        <parameter name="Has Inout Parameters" source="constant" updatable="true">false</parameter>
                        <parameter name="taskField" source="nested">
                           <operation source="field" to="FINAL-FACT-MT-8nxnUENPFqveMtM3PMISWr">temp.FACT_TABLE_CREATION</operation>
                        </parameter>
                     </serviceInput>
                     <serviceOutput>
                        <operation source="field" to="temp.FACT_TABLE_CREATION/output/Object_Name">Object Name</operation>
                        <operation source="field" to="temp.FACT_TABLE_CREATION/output/Run_Id">Run Id</operation>
                        <operation source="field" to="temp.FACT_TABLE_CREATION/output/Log_Id">Log Id</operation>
                        <operation source="field" to="temp.FACT_TABLE_CREATION/output/Task_Id">Task Id</operation>
                        <operation source="field" to="temp.FACT_TABLE_CREATION/output/Task_Status">Task Status</operation>
                        <operation source="field" to="temp.FACT_TABLE_CREATION/output/Success_Source_Rows">Success Source Rows</operation>
                        <operation source="field" to="temp.FACT_TABLE_CREATION/output/Failed_Source_Rows">Failed Source Rows</operation>
                        <operation source="field" to="temp.FACT_TABLE_CREATION/output/Success_Target_Rows">Success Target Rows</operation>
                        <operation source="field" to="temp.FACT_TABLE_CREATION/output/Failed_Target_Rows">Failed Target Rows</operation>
                        <operation source="field" to="temp.FACT_TABLE_CREATION/output/Start_Time">Start Time</operation>
                        <operation source="field" to="temp.FACT_TABLE_CREATION/output/End_Time">End Time</operation>
                        <operation source="field" to="temp.FACT_TABLE_CREATION/output/Error_Message">Error Message</operation>
                        <operation source="field" to="temp.FACT_TABLE_CREATION/output/TotalTransErrors">Total Transformation Errors</operation>
                        <operation source="field" to="temp.FACT_TABLE_CREATION/output/FirstErrorCode">First Error Code</operation>
                     </serviceOutput>
                  </service>
                  <link id="mlb8tzq0" targetId="mlb8tzol"/>
                  <events>
                     <catch faultField="temp.FACT_TABLE_CREATION/fault"
                            id="mlb8tzm6"
                            interrupting="true"
                            name="error">
                        <suspend/>
                     </catch>
                     <catch faultField="temp.FACT_TABLE_CREATION/fault"
                            id="mlb8tzm7"
                            interrupting="true"
                            name="warning"/>
                  </events>
               </eventContainer>
               <container id="mlb8tzol" type="exclusive">
                  <title>Decision 1</title>
                  <flow id="mlb8tzop">
                     <eventContainer id="mlb8tzqm">
                        <service id="mlb8tzq8">
                           <title>FACT_TABLE_SUCCESS</title>
                           <serviceName>emailNotificationService</serviceName>
                           <serviceGUID/>
                           <serviceInput>
                              <parameter name="Email To" source="constant">sumitkumargore77@gmail.com</parameter>
                              <parameter name="Email Cc" source="constant"/>
                              <parameter name="Email Bcc" source="constant"/>
                              <parameter name="Email Subject" source="constant"/>
                              <parameter name="Email Content Type" source="constant">text</parameter>
                              <parameter name="Email Body" source="constant"> &lt;p&gt;Fact table created successfully.&lt;/p&gt; </parameter>
                           </serviceInput>
                           <serviceOutput/>
                        </service>
                        <events>
                           <catch faultField="temp.dummyTF5895/fault"
                                  id="mlb8tzq5"
                                  interrupting="true"
                                  name="warning"/>
                        </events>
                     </eventContainer>
                     <link id="mlb8tzoq" targetId="mlb8tzol" type="containerLink"/>
                  </flow>
                  <flow id="mlb8tzos">
                     <eventContainer id="mlb8tzri">
                        <service id="mlb8tzr3">
                           <title>FACT_TABLE_FAILURE</title>
                           <serviceName>emailNotificationService</serviceName>
                           <serviceGUID/>
                           <serviceInput>
                              <parameter name="Email To" source="constant">sumitkumargore77@gmail.com</parameter>
                              <parameter name="Email Cc" source="constant"/>
                              <parameter name="Email Bcc" source="constant"/>
                              <parameter name="Email Subject" source="constant"/>
                              <parameter name="Email Content Type" source="constant">text</parameter>
                              <parameter name="Email Body" source="constant"> &lt;p&gt;Fact table creation failed.&lt;/p&gt; </parameter>
                           </serviceInput>
                           <serviceOutput/>
                        </service>
                        <events>
                           <catch faultField="temp.dummyTF5895/fault"
                                  id="mlb8tzr0"
                                  interrupting="true"
                                  name="warning"/>
                        </events>
                     </eventContainer>
                     <link id="mlb8tzqw" targetId="mlb8tzol" type="containerLink"/>
                  </flow>
                  <link id="mlb8tzoo" targetId="mlb8tzop" type="containerLink">
                     <condition source="formula">
                        <function name="contains">
                           <arg name="left" source="formula">{if($temp.FACT_TABLE_CREATION[1]/output[1]/Task_Status = 1) then 1 else 0}</arg>
                           <arg name="right">1</arg>
                        </function>
                     </condition>
                  </link>
                  <link id="mlb8tzor" targetId="mlb8tzos" type="containerLink"/>
                  <link id="mlb8tzon" targetId="c"/>
               </container>
               <end id="c"/>
            </flow>
            <dependencies>
               <processObject xmlns="http://schemas.active-endpoints.com/appmodules/screenflow/2011/06/avosHostEnvironment.xsd"
                              displayName="FINAL-FACT-MT-8nxnUENPFqveMtM3PMISWr"
                              isByCopy="true"
                              name="FINAL-FACT-MT-8nxnUENPFqveMtM3PMISWr">
                  <description/>
                  <tags/>
                  <detail>
                     <field label="TaskProperties Parameters"
                            name="taskProperties"
                            nullable="true"
                            required="false"
                            type="reference"/>
                     <field label="Output Parameters"
                            name="output"
                            nullable="true"
                            required="false"
                            type="reference"/>
                     <field label="Fault"
                            name="fault"
                            nullable="true"
                            required="false"
                            type="reference"/>
                     <field label="Max Wait (Seconds)"
                            name="Max_Wait"
                            nullable="true"
                            required="false"
                            type="int"/>
                  </detail>
               </processObject>
            </dependencies>
         </taskflow>
      </types1:Entry>
      <types1:GUID>3UKCzXnjk6mkzASbD7llAV</types1:GUID>
      <types1:DisplayName>FACT_LOAN_TXN_TASKFLOW</types1:DisplayName>
   </types1:Item>
   <types1:CurrentServerDateTime>2026-02-07T09:15:12.537Z</types1:CurrentServerDateTime>
</aetgt:getResponse>
