<aetgt:getResponse xmlns:aetgt="http://schemas.active-endpoints.com/appmodules/repository/2010/10/avrepository.xsd"
                   xmlns:types1="http://schemas.active-endpoints.com/appmodules/repository/2010/10/avrepository.xsd">
   <types1:Item>
      <types1:EntryId>CPwLdqcgm8lnCmp-gt-3694856-2026-02-06T19:46:14.45Z::tf.xml</types1:EntryId>
      <types1:Name>FINAL_FLOW_PROJECT</types1:Name>
      <types1:MimeType>application/xml+taskflow</types1:MimeType>
      <types1:Description/>
      <types1:AppliesTo/>
      <types1:Tags/>
      <types1:VersionLabel>1.0</types1:VersionLabel>
      <types1:State>CURRENT</types1:State>
      <types1:ProcessGroup/>
      <types1:CreatedBy>shettybros</types1:CreatedBy>
      <types1:CreationDate>2026-02-06T19:46:14Z</types1:CreationDate>
      <types1:ModifiedBy>shettybros</types1:ModifiedBy>
      <types1:ModificationDate>2026-02-06T19:54:28Z</types1:ModificationDate>
      <types1:PublicationStatus>out-of-date</types1:PublicationStatus>
      <types1:PublishedBy>shettybros</types1:PublishedBy>
      <types1:PublicationDate>2026-02-06T19:54:37Z</types1:PublicationDate>
      <types1:PublishedContributionId>project:/tf.FINAL_FLOW_PROJECT/FINAL_FLOW_PROJECT.tf.xml</types1:PublishedContributionId>
      <types1:Entry>
         <taskflow xmlns="http://schemas.active-endpoints.com/appmodules/screenflow/2010/10/avosScreenflow.xsd"
                   xmlns:tfm="http://schemas.active-endpoints.com/appmodules/screenflow/2021/04/taskflowModel.xsd"
                   xmlns:list="urn:activevos:spi:list:functions"
                   displayName="FINAL_FLOW_PROJECT"
                   name="FINAL_FLOW_PROJECT"
                   overrideAPIName="false">
            <parameterSet xmlns="http://schemas.active-endpoints.com/appmodules/screenflow/2021/04/taskflowModel.xsd"/>
            <appliesTo/>
            <description/>
            <tags/>
            <generator>Informatica Process Designer 11</generator>
            <tempFields>
               <field description="" name="LOAN_CLEAN" type="reference">
                  <options>
                     <option name="failOnNotRun">false</option>
                     <option name="failOnFault">false</option>
                     <option name="referenceTo">$po:mt-loan-clean-2LyPzBWlajCfdYFgDG4bAJ</option>
                  </options>
               </field>
               <field description="" name="TRANSACTION_CLEAN" type="reference">
                  <options>
                     <option name="failOnNotRun">false</option>
                     <option name="failOnFault">false</option>
                     <option name="referenceTo">$po:mt-transaction-clean-2VDPPbAgbh3ihX8Q1lY6cB</option>
                  </options>
               </field>
               <field description="" name="BORROWERS_CLEAN" type="reference">
                  <options>
                     <option name="failOnNotRun">false</option>
                     <option name="failOnFault">false</option>
                     <option name="referenceTo">$po:mt-borrower-clean-dOKx59FmZGace5294nNwAZ</option>
                  </options>
               </field>
               <field description="" name="BRANCH_CLEAN" type="reference">
                  <options>
                     <option name="failOnNotRun">false</option>
                     <option name="failOnFault">false</option>
                     <option name="referenceTo">$po:mt-branch-clean-3EsovkDaH5fb0kSvOUjDkT</option>
                  </options>
               </field>
               <field description="" name="DIMENSION_TASKFLOW" type="reference">
                  <options>
                     <option name="referenceTo">$po:InternalInfaSubTaskflowField</option>
                     <option name="failOnNotRun">false</option>
                     <option name="failOnFault">false</option>
                  </options>
               </field>
            </tempFields>
            <notes/>
            <deployment skipIfRunning="false" suspendOnFault="false" tracingLevel="verbose">
               <rest>
                  <allowedUsers>
                     <user>shettybros</user>
                  </allowedUsers>
               </rest>
            </deployment>
            <extData>
               <nvpair name="treatEmptyStringAsNotNull">false</nvpair>
               <nvpair name="treatEmptyObjectListAsArray">false</nvpair>
            </extData>
            <flow id="a">
               <start id="b">
                  <link id="j3wg4fhg" targetId="j3wg4fhf"/>
               </start>
               <container id="j3wg4fhf" type="parallel">
                  <title>Parallel Paths 1</title>
                  <flow id="j3wg4fhj">
                     <eventContainer id="mlbakaqc">
                        <service id="j3wg4fhu">
                           <title>BORROWERS_CLEAN</title>
                           <serviceName>ICSExecuteDataTask</serviceName>
                           <serviceGUID/>
                           <serviceInput>
                              <parameter name="Wait for Task to Complete" source="constant" updatable="true">true</parameter>
                              <parameter name="Max Wait" source="constant" updatable="true">604800</parameter>
                              <parameter name="Task Name" source="constant" updatable="true">mt_borrower_clean</parameter>
                              <parameter name="GUID" source="constant" updatable="true">dOKx59FmZGace5294nNwAZ</parameter>
                              <parameter name="Task Type" source="constant" updatable="true">MCT</parameter>
                              <parameter name="Has Inout Parameters" source="constant" updatable="true">false</parameter>
                              <parameter name="taskField" source="nested">
                                 <operation source="field" to="mt-borrower-clean-dOKx59FmZGace5294nNwAZ">temp.BORROWERS_CLEAN</operation>
                              </parameter>
                           </serviceInput>
                           <serviceOutput>
                              <operation source="field" to="temp.BORROWERS_CLEAN/output/Object_Name">Object Name</operation>
                              <operation source="field" to="temp.BORROWERS_CLEAN/output/Run_Id">Run Id</operation>
                              <operation source="field" to="temp.BORROWERS_CLEAN/output/Log_Id">Log Id</operation>
                              <operation source="field" to="temp.BORROWERS_CLEAN/output/Task_Id">Task Id</operation>
                              <operation source="field" to="temp.BORROWERS_CLEAN/output/Task_Status">Task Status</operation>
                              <operation source="field" to="temp.BORROWERS_CLEAN/output/Success_Source_Rows">Success Source Rows</operation>
                              <operation source="field" to="temp.BORROWERS_CLEAN/output/Failed_Source_Rows">Failed Source Rows</operation>
                              <operation source="field" to="temp.BORROWERS_CLEAN/output/Success_Target_Rows">Success Target Rows</operation>
                              <operation source="field" to="temp.BORROWERS_CLEAN/output/Failed_Target_Rows">Failed Target Rows</operation>
                              <operation source="field" to="temp.BORROWERS_CLEAN/output/Start_Time">Start Time</operation>
                              <operation source="field" to="temp.BORROWERS_CLEAN/output/End_Time">End Time</operation>
                              <operation source="field" to="temp.BORROWERS_CLEAN/output/Error_Message">Error Message</operation>
                              <operation source="field" to="temp.BORROWERS_CLEAN/output/TotalTransErrors">Total Transformation Errors</operation>
                              <operation source="field" to="temp.BORROWERS_CLEAN/output/FirstErrorCode">First Error Code</operation>
                           </serviceOutput>
                        </service>
                        <events>
                           <catch faultField="temp.BORROWERS_CLEAN/fault"
                                  id="mlbakaqa"
                                  interrupting="true"
                                  name="error">
                              <suspend/>
                           </catch>
                           <catch faultField="temp.BORROWERS_CLEAN/fault"
                                  id="mlbakaqb"
                                  interrupting="true"
                                  name="warning"/>
                        </events>
                     </eventContainer>
                     <link id="j3wg4fhk" targetId="j3wg4fhf" type="containerLink"/>
                  </flow>
                  <flow id="j3wg4fhm">
                     <eventContainer id="mlbakaro">
                        <service id="j3wg4fi4">
                           <title>BRANCH_CLEAN</title>
                           <serviceName>ICSExecuteDataTask</serviceName>
                           <serviceGUID/>
                           <serviceInput>
                              <parameter name="Wait for Task to Complete" source="constant" updatable="true">true</parameter>
                              <parameter name="Max Wait" source="constant" updatable="true">604800</parameter>
                              <parameter name="Task Name" source="constant" updatable="true">mt_branch_clean</parameter>
                              <parameter name="GUID" source="constant" updatable="true">3EsovkDaH5fb0kSvOUjDkT</parameter>
                              <parameter name="Task Type" source="constant" updatable="true">MCT</parameter>
                              <parameter name="Has Inout Parameters" source="constant" updatable="true">false</parameter>
                              <parameter name="taskField" source="nested">
                                 <operation source="field" to="mt-branch-clean-3EsovkDaH5fb0kSvOUjDkT">temp.BRANCH_CLEAN</operation>
                              </parameter>
                           </serviceInput>
                           <serviceOutput>
                              <operation source="field" to="temp.BRANCH_CLEAN/output/Object_Name">Object Name</operation>
                              <operation source="field" to="temp.BRANCH_CLEAN/output/Run_Id">Run Id</operation>
                              <operation source="field" to="temp.BRANCH_CLEAN/output/Log_Id">Log Id</operation>
                              <operation source="field" to="temp.BRANCH_CLEAN/output/Task_Id">Task Id</operation>
                              <operation source="field" to="temp.BRANCH_CLEAN/output/Task_Status">Task Status</operation>
                              <operation source="field" to="temp.BRANCH_CLEAN/output/Success_Source_Rows">Success Source Rows</operation>
                              <operation source="field" to="temp.BRANCH_CLEAN/output/Failed_Source_Rows">Failed Source Rows</operation>
                              <operation source="field" to="temp.BRANCH_CLEAN/output/Success_Target_Rows">Success Target Rows</operation>
                              <operation source="field" to="temp.BRANCH_CLEAN/output/Failed_Target_Rows">Failed Target Rows</operation>
                              <operation source="field" to="temp.BRANCH_CLEAN/output/Start_Time">Start Time</operation>
                              <operation source="field" to="temp.BRANCH_CLEAN/output/End_Time">End Time</operation>
                              <operation source="field" to="temp.BRANCH_CLEAN/output/Error_Message">Error Message</operation>
                              <operation source="field" to="temp.BRANCH_CLEAN/output/TotalTransErrors">Total Transformation Errors</operation>
                              <operation source="field" to="temp.BRANCH_CLEAN/output/FirstErrorCode">First Error Code</operation>
                           </serviceOutput>
                        </service>
                        <events>
                           <catch faultField="temp.BRANCH_CLEAN/fault"
                                  id="mlbakarm"
                                  interrupting="true"
                                  name="error">
                              <suspend/>
                           </catch>
                           <catch faultField="temp.BRANCH_CLEAN/fault"
                                  id="mlbakarn"
                                  interrupting="true"
                                  name="warning"/>
                        </events>
                     </eventContainer>
                     <link id="j3wg4fhn" targetId="j3wg4fhf" type="containerLink"/>
                  </flow>
                  <flow id="mlbakapi">
                     <eventContainer id="mlbakat0">
                        <service id="mlbakapw">
                           <title>LOAN_CLEAN</title>
                           <serviceName>ICSExecuteDataTask</serviceName>
                           <serviceGUID/>
                           <serviceInput>
                              <parameter name="Wait for Task to Complete" source="constant" updatable="true">true</parameter>
                              <parameter name="Max Wait" source="constant" updatable="true">604800</parameter>
                              <parameter name="Task Name" source="constant" updatable="true">mt_loan_clean</parameter>
                              <parameter name="GUID" source="constant" updatable="true">2LyPzBWlajCfdYFgDG4bAJ</parameter>
                              <parameter name="Task Type" source="constant" updatable="true">MCT</parameter>
                              <parameter name="Has Inout Parameters" source="constant" updatable="true">false</parameter>
                              <parameter name="taskField" source="nested">
                                 <operation source="field" to="mt-loan-clean-2LyPzBWlajCfdYFgDG4bAJ">temp.LOAN_CLEAN</operation>
                              </parameter>
                           </serviceInput>
                           <serviceOutput>
                              <operation source="field" to="temp.LOAN_CLEAN/output/Object_Name">Object Name</operation>
                              <operation source="field" to="temp.LOAN_CLEAN/output/Run_Id">Run Id</operation>
                              <operation source="field" to="temp.LOAN_CLEAN/output/Log_Id">Log Id</operation>
                              <operation source="field" to="temp.LOAN_CLEAN/output/Task_Id">Task Id</operation>
                              <operation source="field" to="temp.LOAN_CLEAN/output/Task_Status">Task Status</operation>
                              <operation source="field" to="temp.LOAN_CLEAN/output/Success_Source_Rows">Success Source Rows</operation>
                              <operation source="field" to="temp.LOAN_CLEAN/output/Failed_Source_Rows">Failed Source Rows</operation>
                              <operation source="field" to="temp.LOAN_CLEAN/output/Success_Target_Rows">Success Target Rows</operation>
                              <operation source="field" to="temp.LOAN_CLEAN/output/Failed_Target_Rows">Failed Target Rows</operation>
                              <operation source="field" to="temp.LOAN_CLEAN/output/Start_Time">Start Time</operation>
                              <operation source="field" to="temp.LOAN_CLEAN/output/End_Time">End Time</operation>
                              <operation source="field" to="temp.LOAN_CLEAN/output/Error_Message">Error Message</operation>
                              <operation source="field" to="temp.LOAN_CLEAN/output/TotalTransErrors">Total Transformation Errors</operation>
                              <operation source="field" to="temp.LOAN_CLEAN/output/FirstErrorCode">First Error Code</operation>
                           </serviceOutput>
                        </service>
                        <events>
                           <catch faultField="temp.LOAN_CLEAN/fault"
                                  id="mlbakasy"
                                  interrupting="true"
                                  name="error">
                              <suspend/>
                           </catch>
                           <catch faultField="temp.LOAN_CLEAN/fault"
                                  id="mlbakasz"
                                  interrupting="true"
                                  name="warning"/>
                        </events>
                     </eventContainer>
                     <link id="mlbakapj" targetId="j3wg4fhf" type="containerLink"/>
                  </flow>
                  <flow id="mlbakapo">
                     <eventContainer id="mlbakaub">
                        <service id="mlbakaq4">
                           <title>TRANSACTION_CLEAN</title>
                           <serviceName>ICSExecuteDataTask</serviceName>
                           <serviceGUID/>
                           <serviceInput>
                              <parameter name="Wait for Task to Complete" source="constant" updatable="true">true</parameter>
                              <parameter name="Max Wait" source="constant" updatable="true">604800</parameter>
                              <parameter name="Task Name" source="constant" updatable="true">mt_transaction_clean</parameter>
                              <parameter name="GUID" source="constant" updatable="true">2VDPPbAgbh3ihX8Q1lY6cB</parameter>
                              <parameter name="Task Type" source="constant" updatable="true">MCT</parameter>
                              <parameter name="Has Inout Parameters" source="constant" updatable="true">false</parameter>
                              <parameter name="taskField" source="nested">
                                 <operation source="field" to="mt-transaction-clean-2VDPPbAgbh3ihX8Q1lY6cB">temp.TRANSACTION_CLEAN</operation>
                              </parameter>
                           </serviceInput>
                           <serviceOutput>
                              <operation source="field" to="temp.TRANSACTION_CLEAN/output/Object_Name">Object Name</operation>
                              <operation source="field" to="temp.TRANSACTION_CLEAN/output/Run_Id">Run Id</operation>
                              <operation source="field" to="temp.TRANSACTION_CLEAN/output/Log_Id">Log Id</operation>
                              <operation source="field" to="temp.TRANSACTION_CLEAN/output/Task_Id">Task Id</operation>
                              <operation source="field" to="temp.TRANSACTION_CLEAN/output/Task_Status">Task Status</operation>
                              <operation source="field" to="temp.TRANSACTION_CLEAN/output/Success_Source_Rows">Success Source Rows</operation>
                              <operation source="field" to="temp.TRANSACTION_CLEAN/output/Failed_Source_Rows">Failed Source Rows</operation>
                              <operation source="field" to="temp.TRANSACTION_CLEAN/output/Success_Target_Rows">Success Target Rows</operation>
                              <operation source="field" to="temp.TRANSACTION_CLEAN/output/Failed_Target_Rows">Failed Target Rows</operation>
                              <operation source="field" to="temp.TRANSACTION_CLEAN/output/Start_Time">Start Time</operation>
                              <operation source="field" to="temp.TRANSACTION_CLEAN/output/End_Time">End Time</operation>
                              <operation source="field" to="temp.TRANSACTION_CLEAN/output/Error_Message">Error Message</operation>
                              <operation source="field" to="temp.TRANSACTION_CLEAN/output/TotalTransErrors">Total Transformation Errors</operation>
                              <operation source="field" to="temp.TRANSACTION_CLEAN/output/FirstErrorCode">First Error Code</operation>
                           </serviceOutput>
                        </service>
                        <events>
                           <catch faultField="temp.TRANSACTION_CLEAN/fault"
                                  id="mlbakau9"
                                  interrupting="true"
                                  name="error">
                              <suspend/>
                           </catch>
                           <catch faultField="temp.TRANSACTION_CLEAN/fault"
                                  id="mlbakaua"
                                  interrupting="true"
                                  name="warning"/>
                        </events>
                     </eventContainer>
                     <link id="mlbakapp" targetId="j3wg4fhf" type="containerLink"/>
                  </flow>
                  <link id="j3wg4fhi" targetId="j3wg4fhj" type="containerLink"/>
                  <link id="j3wg4fhl" targetId="j3wg4fhm" type="containerLink"/>
                  <link id="mlbakaph" targetId="mlbakapi" type="containerLink"/>
                  <link id="mlbakavv" targetId="mlbakavu"/>
                  <link id="mlbakapn" targetId="mlbakapo" type="containerLink"/>
               </container>
               <container id="mlbakavu" type="exclusive">
                  <title>Decision 1</title>
                  <flow id="mlbakavy">
                     <eventContainer id="mlbakay2">
                        <service id="mlbakawe">
                           <title>CLEANING_SUCCESS</title>
                           <serviceName>emailNotificationService</serviceName>
                           <serviceGUID/>
                           <serviceInput>
                              <parameter name="Email To" source="constant">sumitkumargore77@gmail.com</parameter>
                              <parameter name="Email Cc" source="constant"/>
                              <parameter name="Email Bcc" source="constant"/>
                              <parameter name="Email Subject" source="constant"/>
                              <parameter name="Email Content Type" source="constant">text</parameter>
                              <parameter name="Email Body" source="constant"> &lt;p&gt;Data was cleaned successfully.&lt;/p&gt; </parameter>
                           </serviceInput>
                           <serviceOutput/>
                        </service>
                        <link id="mlbakaxj" targetId="mlbakaxi"/>
                        <events>
                           <catch faultField="temp.dummyTF5895/fault"
                                  id="mlbakawb"
                                  interrupting="true"
                                  name="warning"/>
                        </events>
                     </eventContainer>
                     <subflow id="mlbakaxi">
                        <title>DIMENSION_TASKFLOW</title>
                        <subflowGUID>111dpvFAWRTeF7QGaYFYCv</subflowGUID>
                        <subflowPath>DIM_TASKFLOW_COMPLETE</subflowPath>
                        <runForEach>false</runForEach>
                        <input/>
                        <outputDef/>
                     </subflow>
                     <link id="mlbakavz" targetId="mlbakavu" type="containerLink"/>
                  </flow>
                  <flow id="mlbakaw1">
                     <eventContainer id="mlbakazg">
                        <service id="mlbakawz">
                           <title>CLEANING_FAILURE</title>
                           <serviceName>emailNotificationService</serviceName>
                           <serviceGUID/>
                           <serviceInput>
                              <parameter name="Email To" source="constant">sumitkumargore77@gmail.com</parameter>
                              <parameter name="Email Cc" source="constant"/>
                              <parameter name="Email Bcc" source="constant"/>
                              <parameter name="Email Subject" source="constant"/>
                              <parameter name="Email Content Type" source="constant">text</parameter>
                              <parameter name="Email Body" source="constant"> &lt;p&gt;Data cleaning failed.&lt;/p&gt; </parameter>
                           </serviceInput>
                           <serviceOutput/>
                        </service>
                        <events>
                           <catch faultField="temp.dummyTF5895/fault"
                                  id="mlbakaww"
                                  interrupting="true"
                                  name="warning"/>
                        </events>
                     </eventContainer>
                     <link id="mlbakaw2" targetId="mlbakavu" type="containerLink"/>
                  </flow>
                  <link id="mlbakavx" targetId="mlbakavy" type="containerLink">
                     <condition source="formula">
                        <function name="contains">
                           <arg name="left" source="formula">{if($temp.LOAN_CLEAN[1]/output[1]/Task_Status = 1 and
  $temp.TRANSACTION_CLEAN[1]/output[1]/Task_Status = 1 and
  $temp.BORROWERS_CLEAN[1]/output[1]/Task_Status = 1 and 
  $temp.BRANCH_CLEAN[1]/output[1]/Task_Status = 1
  ) then 1 else 0}</arg>
                           <arg name="right">1</arg>
                        </function>
                     </condition>
                  </link>
                  <link id="mlbakaw0" targetId="mlbakaw1" type="containerLink"/>
                  <link id="mlbakavw" targetId="c"/>
               </container>
               <end id="c"/>
            </flow>
            <dependencies>
               <processObject xmlns="http://schemas.active-endpoints.com/appmodules/screenflow/2011/06/avosHostEnvironment.xsd"
                              displayName="mt-loan-clean-2LyPzBWlajCfdYFgDG4bAJ"
                              isByCopy="true"
                              name="mt-loan-clean-2LyPzBWlajCfdYFgDG4bAJ">
                  <description/>
                  <tags/>
                  <detail>
                     <field label="TaskProperties Parameters"
                            name="taskProperties"
                            nullable="true"
                            required="false"
                            type="reference"/>
                     <field label="Output Parameters"
                            name="output"
                            nullable="true"
                            required="false"
                            type="reference"/>
                     <field label="Fault"
                            name="fault"
                            nullable="true"
                            required="false"
                            type="reference"/>
                     <field label="Max Wait (Seconds)"
                            name="Max_Wait"
                            nullable="true"
                            required="false"
                            type="int"/>
                  </detail>
               </processObject>
               <processObject xmlns="http://schemas.active-endpoints.com/appmodules/screenflow/2011/06/avosHostEnvironment.xsd"
                              displayName="mt-transaction-clean-2VDPPbAgbh3ihX8Q1lY6cB"
                              isByCopy="true"
                              name="mt-transaction-clean-2VDPPbAgbh3ihX8Q1lY6cB">
                  <description/>
                  <tags/>
                  <detail>
                     <field label="TaskProperties Parameters"
                            name="taskProperties"
                            nullable="true"
                            required="false"
                            type="reference"/>
                     <field label="Output Parameters"
                            name="output"
                            nullable="true"
                            required="false"
                            type="reference"/>
                     <field label="Fault"
                            name="fault"
                            nullable="true"
                            required="false"
                            type="reference"/>
                     <field label="Max Wait (Seconds)"
                            name="Max_Wait"
                            nullable="true"
                            required="false"
                            type="int"/>
                  </detail>
               </processObject>
               <processObject xmlns="http://schemas.active-endpoints.com/appmodules/screenflow/2011/06/avosHostEnvironment.xsd"
                              displayName="mt-borrower-clean-dOKx59FmZGace5294nNwAZ"
                              isByCopy="true"
                              name="mt-borrower-clean-dOKx59FmZGace5294nNwAZ">
                  <description/>
                  <tags/>
                  <detail>
                     <field label="TaskProperties Parameters"
                            name="taskProperties"
                            nullable="true"
                            required="false"
                            type="reference"/>
                     <field label="Output Parameters"
                            name="output"
                            nullable="true"
                            required="false"
                            type="reference"/>
                     <field label="Fault"
                            name="fault"
                            nullable="true"
                            required="false"
                            type="reference"/>
                     <field label="Max Wait (Seconds)"
                            name="Max_Wait"
                            nullable="true"
                            required="false"
                            type="int"/>
                  </detail>
               </processObject>
               <processObject xmlns="http://schemas.active-endpoints.com/appmodules/screenflow/2011/06/avosHostEnvironment.xsd"
                              displayName="mt-branch-clean-3EsovkDaH5fb0kSvOUjDkT"
                              isByCopy="true"
                              name="mt-branch-clean-3EsovkDaH5fb0kSvOUjDkT">
                  <description/>
                  <tags/>
                  <detail>
                     <field label="TaskProperties Parameters"
                            name="taskProperties"
                            nullable="true"
                            required="false"
                            type="reference"/>
                     <field label="Output Parameters"
                            name="output"
                            nullable="true"
                            required="false"
                            type="reference"/>
                     <field label="Fault"
                            name="fault"
                            nullable="true"
                            required="false"
                            type="reference"/>
                     <field label="Max Wait (Seconds)"
                            name="Max_Wait"
                            nullable="true"
                            required="false"
                            type="int"/>
                  </detail>
               </processObject>
               <processObject xmlns="http://schemas.active-endpoints.com/appmodules/screenflow/2011/06/avosHostEnvironment.xsd"
                              displayName="InternalInfaSubTaskflowField"
                              isByCopy="true"
                              name="InternalInfaSubTaskflowField">
                  <description>This process object represents a subtaskflow type reference field.</description>
                  <tags/>
                  <detail/>
               </processObject>
            </dependencies>
         </taskflow>
      </types1:Entry>
      <types1:GUID>7yXJY32Ygl4b21NstMTEAF</types1:GUID>
      <types1:DisplayName>FINAL_FLOW_PROJECT</types1:DisplayName>
   </types1:Item>
   <types1:CurrentServerDateTime>2026-02-07T09:15:12.726Z</types1:CurrentServerDateTime>
</aetgt:getResponse>
