{
  "name" : "M_transaction_clean-1770269829473",
  "sourceOrgId" : "lf4IWQDsPyafvSIUBDG78r",
  "sourceOrgName" : "LTIMINDTREE",
  "exportedObjects" : [ {
    "objectGuid" : "6FgV5fnvIt8lCEFa8aLAoL",
    "objectName" : "IDMC_TRAINING",
    "objectType" : "Project",
    "path" : "/Explore",
    "providerName" : null,
    "metadata" : {
      "modelVersion" : {
        "major" : 0,
        "minor" : 0
      },
      "repoInfo" : null,
      "objectRefs" : [ ],
      "contextAttributes" : [ ],
      "additionalInfo" : {
        "description" : "",
        "contentType" : "Binary",
        "documentState" : "COMPLETE"
      }
    }
  }, {
    "objectGuid" : "8kSPfZ22cmDdDHgNM1PaWL",
    "objectName" : "M_transaction_clean",
    "objectType" : "DTEMPLATE",
    "path" : "/Explore/IDMC_TRAINING",
    "providerName" : null,
    "metadata" : {
      "modelVersion" : {
        "major" : 0,
        "minor" : 0
      },
      "repoInfo" : {
        "repoHandle" : "01DJV41700000000001Z"
      },
      "objectRefs" : [ "1iTFt1jAY6Ydr9X5s8IRoy" ],
      "contextAttributes" : [ {
        "name" : "id",
        "value" : "@1"
      } ],
      "additionalInfo" : {
        "description" : "",
        "contentType" : "JSON",
        "documentState" : "VALID"
      }
    }
  }, {
    "objectGuid" : "lVnRuWOn30SbZBVYQXan8k",
    "objectName" : "DESKTOP-0FU31RQ",
    "objectType" : "AgentGroup",
    "path" : "/SYS",
    "providerName" : null,
    "metadata" : {
      "modelVersion" : {
        "major" : 0,
        "minor" : 0
      },
      "repoInfo" : {
        "repoHandle" : "01DJV42500000000002U"
      },
      "objectRefs" : [ ],
      "contextAttributes" : [ {
        "name" : "id",
        "value" : "@1"
      } ],
      "additionalInfo" : {
        "description" : null,
        "contentType" : "JSON",
        "documentState" : "VALID"
      }
    }
  }, {
    "objectGuid" : "1iTFt1jAY6Ydr9X5s8IRoy",
    "objectName" : "SNOWFLAKE_CON",
    "objectType" : "Connection",
    "path" : "/SYS",
    "providerName" : null,
    "metadata" : {
      "modelVersion" : {
        "major" : 0,
        "minor" : 0
      },
      "repoInfo" : {
        "repoHandle" : "01DJV40B000000000005"
      },
      "objectRefs" : [ "lVnRuWOn30SbZBVYQXan8k" ],
      "contextAttributes" : [ {
        "name" : "id",
        "value" : "@1"
      } ],
      "additionalInfo" : {
        "description" : null,
        "contentType" : "JSON",
        "documentState" : "COMPLETE"
      }
    }
  } ]
}