LOAN_ID,BORROWER_ID,BRANCH_ID,LOAN_TYPE,PRINCIPAL_AMOUNT,INTEREST_RATE,TENURE_MONTHS,DISBURSE_DATE,LOAN_STATUS,SECURITY_TYPE,UPDATED_AT
L10001,B0015,BR306,VEHICLE_LOAN,500000,10.5,24,2025-04-13,ACTIVE,UNSECURED,2026-01-01 08:00:00
L10002,B0213,BR199,VEHICLE_LOAN,1500000,8.5,36,2025-03-29,ACTIVE,UNSECURED,2026-01-01 08:00:00
L10003,B0033,BR130,HOME_LOAN,250000,8.5,24,2025-01-14,ACTIVE,MORTGAGE,2026-01-01 08:00:00
L10004,B0024,BR247,HOME_LOAN,250000,9.0,24,2025-04-08,ACTIVE,MORTGAGE,2026-01-01 08:00:00
L10005,B0406,BR103,VEHICLE_LOAN,500000,10.5,24,2025-01-28,ACTIVE,UNSECURED,2026-01-01 08:00:00
L10006,B0461,BR093,HOME_LOAN,1500000,10.5,60,2025-06-16,ACTIVE,MORTGAGE,2026-01-01 08:00:00
L10007,B0383,BR131,EDUCATION_LOAN,1000000,8.5,12,2025-05-25,ACTIVE,UNSECURED,2026-01-01 08:00:00
L10008,B0199,BR413,PERSONAL_LOAN,1500000,12.0,60,2025-06-10,ACTIVE,UNSECURED,2026-01-01 08:00:00
L10009,B0412,BR451,VEHICLE_LOAN,500000,10.5,60,2025-06-07,ACTIVE,UNSECURED,2026-01-01 08:00:00
L10010,B0315,BR085,EDUCATION_LOAN,250000,8.5,24,2025-05-22,ACTIVE,UNSECURED,2026-01-01 08:00:00
L10011,B0168,BR495,HOME_LOAN,1000000,8.5,24,2025-02-12,ACTIVE,MORTGAGE,2026-01-01 08:00:00
L10012,B0496,BR079,EDUCATION_LOAN,1500000,8.5,12,2025-02-23,ACTIVE,UNSECURED,2026-01-01 08:00:00
L10013,B0115,BR003,HOME_LOAN,1500000,10.5,12,2025-03-29,ACTIVE,MORTGAGE,2026-01-01 08:00:00
L10014,B0495,BR248,EDUCATION_LOAN,1000000,8.5,60,2025-06-06,ACTIVE,UNSECURED,2026-01-01 08:00:00
L10015,B0125,BR304,HOME_LOAN,250000,9.0,36,2025-03-13,ACTIVE,MORTGAGE,2026-01-01 08:00:00
L10016,B0123,BR490,HOME_LOAN,1500000,12.0,36,2025-01-18,ACTIVE,MORTGAGE,2026-01-01 08:00:00
L10017,B0156,BR366,VEHICLE_LOAN,250000,9.0,24,2025-04-07,ACTIVE,UNSECURED,2026-01-01 08:00:00
L10018,B0191,BR110,VEHICLE_LOAN,250000,10.5,12,2025-03-24,ACTIVE,UNSECURED,2026-01-01 08:00:00
L10019,B0357,BR183,EDUCATION_LOAN,500000,12.0,12,2025-06-29,ACTIVE,UNSECURED,2026-01-01 08:00:00
L10020,B0170,BR448,PERSONAL_LOAN,1000000,9.0,12,2025-03-15,ACTIVE,UNSECURED,2026-01-01 08:00:00
L10021,B0215,BR076,VEHICLE_LOAN,500000,10.5,60,2025-06-07,ACTIVE,UNSECURED,2026-01-01 08:00:00
L10022,B0306,BR159,VEHICLE_LOAN,1500000,9.0,60,2025-04-17,ACTIVE,UNSECURED,2026-01-01 08:00:00
L10023,B0010,BR257,HOME_LOAN,1500000,9.0,12,2025-03-27,ACTIVE,MORTGAGE,2026-01-01 08:00:00
L10024,B0238,BR113,EDUCATION_LOAN,500000,12.0,12,2025-06-22,ACTIVE,UNSECURED,2026-01-01 08:00:00
L10025,B0457,BR330,PERSONAL_LOAN,1000000,9.0,36,2025-06-14,ACTIVE,UNSECURED,2026-01-01 08:00:00
L10026,B0391,BR285,PERSONAL_LOAN,1500000,8.5,12,2025-01-16,ACTIVE,UNSECURED,2026-01-01 08:00:00
L10027,B0068,BR157,PERSONAL_LOAN,1500000,9.0,36,2025-05-30,ACTIVE,UNSECURED,2026-01-01 08:00:00
L10028,B0391,BR082,HOME_LOAN,250000,12.0,24,2025-06-14,ACTIVE,MORTGAGE,2026-01-01 08:00:00
L10029,B0115,BR207,VEHICLE_LOAN,1000000,8.5,12,2025-05-19,ACTIVE,UNSECURED,2026-01-01 08:00:00
L10030,B0259,BR241,EDUCATION_LOAN,1500000,10.5,24,2025-02-27,ACTIVE,UNSECURED,2026-01-01 08:00:00
L10031,B0283,BR491,VEHICLE_LOAN,1500000,8.5,36,2025-06-21,ACTIVE,UNSECURED,2026-01-01 08:00:00
L10032,B0268,BR484,EDUCATION_LOAN,500000,9.0,24,2025-04-13,ACTIVE,UNSECURED,2026-01-01 08:00:00
L10033,B0281,BR080,VEHICLE_LOAN,1000000,9.0,12,2025-05-01,ACTIVE,UNSECURED,2026-01-01 08:00:00
L10034,B0417,BR261,PERSONAL_LOAN,1000000,10.5,24,2025-05-31,ACTIVE,UNSECURED,2026-01-01 08:00:00
L10035,B0136,BR147,HOME_LOAN,1000000,12.0,36,2025-04-21,ACTIVE,MORTGAGE,2026-01-01 08:00:00
L10036,B0272,BR058,EDUCATION_LOAN,250000,12.0,12,2025-01-27,ACTIVE,UNSECURED,2026-01-01 08:00:00
L10037,B0446,BR189,VEHICLE_LOAN,500000,9.0,24,2025-01-25,ACTIVE,UNSECURED,2026-01-01 08:00:00
L10038,B0494,BR126,VEHICLE_LOAN,500000,10.5,24,2025-04-19,ACTIVE,UNSECURED,2026-01-01 08:00:00
L10039,B0376,BR477,EDUCATION_LOAN,500000,8.5,24,2025-06-25,ACTIVE,UNSECURED,2026-01-01 08:00:00
L10040,B0149,BR220,VEHICLE_LOAN,1000000,9.0,24,2025-05-07,ACTIVE,UNSECURED,2026-01-01 08:00:00
L10041,B0124,BR453,PERSONAL_LOAN,250000,8.5,36,2025-02-07,ACTIVE,UNSECURED,2026-01-01 08:00:00
L10042,B0480,BR414,PERSONAL_LOAN,1500000,8.5,60,2025-03-29,ACTIVE,UNSECURED,2026-01-01 08:00:00
L10043,B0107,BR131,PERSONAL_LOAN,500000,12.0,60,2025-04-14,ACTIVE,UNSECURED,2026-01-01 08:00:00
L10044,B0244,BR302,PERSONAL_LOAN,1500000,10.5,36,2025-06-03,ACTIVE,UNSECURED,2026-01-01 08:00:00
L10045,B0002,BR151,EDUCATION_LOAN,1500000,9.0,24,2025-05-12,ACTIVE,UNSECURED,2026-01-01 08:00:00
L10046,B0436,BR173,VEHICLE_LOAN,250000,12.0,60,2025-03-28,ACTIVE,UNSECURED,2026-01-01 08:00:00
L10047,B0358,BR064,PERSONAL_LOAN,1500000,9.0,12,2025-03-11,ACTIVE,UNSECURED,2026-01-01 08:00:00
L10048,B0239,BR467,VEHICLE_LOAN,250000,10.5,12,2025-03-30,ACTIVE,UNSECURED,2026-01-01 08:00:00
L10049,B0052,BR458,EDUCATION_LOAN,1500000,8.5,36,2025-04-17,ACTIVE,UNSECURED,2026-01-01 08:00:00
L10050,B0288,BR285,VEHICLE_LOAN,250000,10.5,36,2025-04-13,ACTIVE,UNSECURED,2026-01-01 08:00:00
L10051,B0289,BR028,EDUCATION_LOAN,500000,8.5,36,2025-04-07,ACTIVE,UNSECURED,2026-01-01 08:00:00
L10052,B0421,BR007,PERSONAL_LOAN,250000,12.0,24,2025-06-25,ACTIVE,UNSECURED,2026-01-01 08:00:00
L10053,B0360,BR410,VEHICLE_LOAN,500000,9.0,36,2025-03-13,ACTIVE,UNSECURED,2026-01-01 08:00:00
L10054,B0166,BR274,EDUCATION_LOAN,250000,10.5,24,2025-04-25,ACTIVE,UNSECURED,2026-01-01 08:00:00
L10055,B0199,BR106,EDUCATION_LOAN,1500000,12.0,36,2025-06-16,ACTIVE,UNSECURED,2026-01-01 08:00:00
L10056,B0071,BR085,HOME_LOAN,500000,8.5,12,2025-02-11,ACTIVE,MORTGAGE,2026-01-01 08:00:00
L10057,B0176,BR009,EDUCATION_LOAN,500000,10.5,60,2025-01-24,ACTIVE,UNSECURED,2026-01-01 08:00:00
L10058,B0398,BR182,EDUCATION_LOAN,500000,9.0,12,2025-03-21,ACTIVE,UNSECURED,2026-01-01 08:00:00
L10059,B0424,BR118,HOME_LOAN,1000000,8.5,24,2025-04-03,ACTIVE,MORTGAGE,2026-01-01 08:00:00
L10060,B0047,BR190,PERSONAL_LOAN,500000,9.0,36,2025-01-04,ACTIVE,UNSECURED,2026-01-01 08:00:00
L10061,B0287,BR304,PERSONAL_LOAN,1500000,8.5,12,2025-01-25,ACTIVE,UNSECURED,2026-01-01 08:00:00
L10062,B0229,BR090,VEHICLE_LOAN,1500000,8.5,24,2025-06-16,ACTIVE,UNSECURED,2026-01-01 08:00:00
L10063,B0459,BR112,HOME_LOAN,500000,8.5,36,2025-06-01,ACTIVE,MORTGAGE,2026-01-01 08:00:00
L10064,B0246,BR027,VEHICLE_LOAN,1500000,9.0,24,2025-01-25,ACTIVE,UNSECURED,2026-01-01 08:00:00
L10065,B0271,BR125,HOME_LOAN,1500000,8.5,36,2025-06-26,ACTIVE,MORTGAGE,2026-01-01 08:00:00
L10066,B0045,BR297,EDUCATION_LOAN,1500000,10.5,36,2025-04-01,ACTIVE,UNSECURED,2026-01-01 08:00:00
L10067,B0464,BR473,HOME_LOAN,1000000,9.0,36,2025-05-26,ACTIVE,MORTGAGE,2026-01-01 08:00:00
L10068,B0299,BR396,HOME_LOAN,1000000,9.0,12,2025-04-05,ACTIVE,MORTGAGE,2026-01-01 08:00:00
L10069,B0449,BR372,VEHICLE_LOAN,1000000,10.5,12,2025-04-30,ACTIVE,UNSECURED,2026-01-01 08:00:00
L10070,B0286,BR238,VEHICLE_LOAN,500000,9.0,12,2025-06-22,ACTIVE,UNSECURED,2026-01-01 08:00:00
L10071,B0376,BR253,PERSONAL_LOAN,1000000,9.0,60,2025-01-26,ACTIVE,UNSECURED,2026-01-01 08:00:00
L10072,B0328,BR371,PERSONAL_LOAN,250000,9.0,24,2025-04-12,ACTIVE,UNSECURED,2026-01-01 08:00:00
L10073,B0435,BR370,HOME_LOAN,1000000,10.5,12,2025-02-27,ACTIVE,MORTGAGE,2026-01-01 08:00:00
L10074,B0315,BR127,PERSONAL_LOAN,1000000,10.5,12,2025-03-28,ACTIVE,UNSECURED,2026-01-01 08:00:00
L10075,B0216,BR328,PERSONAL_LOAN,1500000,12.0,12,2025-02-18,ACTIVE,UNSECURED,2026-01-01 08:00:00
L10076,B0151,BR196,EDUCATION_LOAN,1000000,9.0,12,2025-06-20,ACTIVE,UNSECURED,2026-01-01 08:00:00
L10077,B0093,BR319,HOME_LOAN,500000,10.5,36,2025-06-01,ACTIVE,MORTGAGE,2026-01-01 08:00:00
L10078,B0041,BR372,HOME_LOAN,1000000,9.0,60,2025-06-08,ACTIVE,MORTGAGE,2026-01-01 08:00:00
L10079,B0026,BR074,PERSONAL_LOAN,1000000,10.5,24,2025-05-05,ACTIVE,UNSECURED,2026-01-01 08:00:00
L10080,B0225,BR302,VEHICLE_LOAN,1000000,9.0,60,2025-01-25,ACTIVE,UNSECURED,2026-01-01 08:00:00
L10081,B0133,BR363,HOME_LOAN,1000000,8.5,60,2025-05-21,ACTIVE,MORTGAGE,2026-01-01 08:00:00
L10082,B0158,BR189,EDUCATION_LOAN,1500000,9.0,36,2025-03-10,ACTIVE,UNSECURED,2026-01-01 08:00:00
L10083,B0134,BR396,VEHICLE_LOAN,250000,8.5,60,2025-06-10,ACTIVE,UNSECURED,2026-01-01 08:00:00
L10084,B0195,BR131,VEHICLE_LOAN,1000000,12.0,60,2025-03-14,ACTIVE,UNSECURED,2026-01-01 08:00:00
L10085,B0323,BR414,VEHICLE_LOAN,1500000,12.0,24,2025-06-05,ACTIVE,UNSECURED,2026-01-01 08:00:00
L10086,B0263,BR469,PERSONAL_LOAN,250000,9.0,36,2025-03-09,ACTIVE,UNSECURED,2026-01-01 08:00:00
L10087,B0373,BR118,VEHICLE_LOAN,500000,12.0,24,2025-06-04,ACTIVE,UNSECURED,2026-01-01 08:00:00
L10088,B0208,BR353,HOME_LOAN,1000000,10.5,60,2025-06-04,ACTIVE,MORTGAGE,2026-01-01 08:00:00
L10089,B0010,BR202,VEHICLE_LOAN,1000000,8.5,24,2025-01-19,ACTIVE,UNSECURED,2026-01-01 08:00:00
L10090,B0010,BR484,EDUCATION_LOAN,1500000,12.0,12,2025-06-11,ACTIVE,UNSECURED,2026-01-01 08:00:00
L10091,B0240,BR247,VEHICLE_LOAN,500000,9.0,24,2025-03-17,ACTIVE,UNSECURED,2026-01-01 08:00:00
L10092,B0024,BR362,HOME_LOAN,1000000,8.5,60,2025-01-20,ACTIVE,MORTGAGE,2026-01-01 08:00:00
L10093,B0154,BR007,EDUCATION_LOAN,1000000,10.5,24,2025-04-21,ACTIVE,UNSECURED,2026-01-01 08:00:00
L10094,B0376,BR296,PERSONAL_LOAN,500000,12.0,60,2025-03-16,ACTIVE,UNSECURED,2026-01-01 08:00:00
L10095,B0350,BR263,EDUCATION_LOAN,500000,9.0,12,2025-05-13,ACTIVE,UNSECURED,2026-01-01 08:00:00
L10096,B0116,BR097,EDUCATION_LOAN,1500000,8.5,12,2025-03-02,ACTIVE,UNSECURED,2026-01-01 08:00:00
L10097,B0195,BR022,HOME_LOAN,1000000,10.5,12,2025-05-30,ACTIVE,MORTGAGE,2026-01-01 08:00:00
L10098,B0102,BR234,HOME_LOAN,1000000,10.5,24,2025-06-30,ACTIVE,MORTGAGE,2026-01-01 08:00:00
L10099,B0434,BR193,EDUCATION_LOAN,1000000,8.5,36,2025-03-07,ACTIVE,UNSECURED,2026-01-01 08:00:00
L10100,B0151,BR396,HOME_LOAN,250000,9.0,60,2025-02-08,ACTIVE,MORTGAGE,2026-01-01 08:00:00
L10101,B0148,BR160,HOME_LOAN,250000,9.0,60,2025-03-07,ACTIVE,MORTGAGE,2026-01-01 08:00:00
L10102,B0309,BR169,EDUCATION_LOAN,250000,10.5,12,2025-06-09,ACTIVE,UNSECURED,2026-01-01 08:00:00
L10103,B0332,BR473,EDUCATION_LOAN,250000,8.5,24,2025-03-06,ACTIVE,UNSECURED,2026-01-01 08:00:00
L10104,B0035,BR357,PERSONAL_LOAN,1500000,9.0,12,2025-01-04,ACTIVE,UNSECURED,2026-01-01 08:00:00
L10105,B0232,BR138,PERSONAL_LOAN,500000,12.0,24,2025-05-26,ACTIVE,UNSECURED,2026-01-01 08:00:00
L10106,B0450,BR093,EDUCATION_LOAN,500000,12.0,12,2025-02-09,ACTIVE,UNSECURED,2026-01-01 08:00:00
L10107,B0267,BR352,HOME_LOAN,250000,8.5,60,2025-05-25,ACTIVE,MORTGAGE,2026-01-01 08:00:00
L10108,B0270,BR017,EDUCATION_LOAN,250000,12.0,12,2025-05-15,ACTIVE,UNSECURED,2026-01-01 08:00:00
L10109,B0113,BR310,EDUCATION_LOAN,250000,9.0,24,2025-06-02,ACTIVE,UNSECURED,2026-01-01 08:00:00
L10110,B0050,BR071,VEHICLE_LOAN,500000,8.5,36,2025-04-16,ACTIVE,UNSECURED,2026-01-01 08:00:00
L10111,B0091,BR050,EDUCATION_LOAN,1500000,12.0,12,2025-01-17,ACTIVE,UNSECURED,2026-01-01 08:00:00
L10112,B0121,BR296,HOME_LOAN,1000000,12.0,24,2025-03-30,ACTIVE,MORTGAGE,2026-01-01 08:00:00
L10113,B0065,BR264,VEHICLE_LOAN,1000000,12.0,12,2025-03-16,ACTIVE,UNSECURED,2026-01-01 08:00:00
L10114,B0165,BR384,HOME_LOAN,250000,8.5,12,2025-03-16,ACTIVE,MORTGAGE,2026-01-01 08:00:00
L10115,B0303,BR202,EDUCATION_LOAN,500000,10.5,12,2025-02-05,ACTIVE,UNSECURED,2026-01-01 08:00:00
L10116,B0228,BR197,HOME_LOAN,500000,9.0,36,2025-04-08,ACTIVE,MORTGAGE,2026-01-01 08:00:00
L10117,B0453,BR232,VEHICLE_LOAN,1000000,12.0,12,2025-04-12,ACTIVE,UNSECURED,2026-01-01 08:00:00
L10118,B0185,BR056,HOME_LOAN,500000,10.5,36,2025-04-14,ACTIVE,MORTGAGE,2026-01-01 08:00:00
L10119,B0392,BR075,PERSONAL_LOAN,1000000,10.5,60,2025-03-05,ACTIVE,UNSECURED,2026-01-01 08:00:00
L10120,B0207,BR128,PERSONAL_LOAN,1500000,8.5,36,2025-01-10,ACTIVE,UNSECURED,2026-01-01 08:00:00
L10121,B0308,BR087,EDUCATION_LOAN,250000,8.5,60,2025-05-10,ACTIVE,UNSECURED,2026-01-01 08:00:00
L10122,B0084,BR456,PERSONAL_LOAN,1000000,8.5,36,2025-06-14,ACTIVE,UNSECURED,2026-01-01 08:00:00
L10123,B0465,BR410,VEHICLE_LOAN,500000,8.5,24,2025-03-18,ACTIVE,UNSECURED,2026-01-01 08:00:00
L10124,B0293,BR366,PERSONAL_LOAN,1500000,10.5,24,2025-04-05,ACTIVE,UNSECURED,2026-01-01 08:00:00
L10125,B0021,BR341,HOME_LOAN,250000,9.0,36,2025-03-23,ACTIVE,MORTGAGE,2026-01-01 08:00:00
L10126,B0144,BR309,HOME_LOAN,250000,10.5,24,2025-01-14,ACTIVE,MORTGAGE,2026-01-01 08:00:00
L10127,B0300,BR264,HOME_LOAN,1500000,9.0,36,2025-04-23,ACTIVE,MORTGAGE,2026-01-01 08:00:00
L10128,B0288,BR046,EDUCATION_LOAN,1000000,10.5,24,2025-06-23,ACTIVE,UNSECURED,2026-01-01 08:00:00
L10129,B0354,BR499,VEHICLE_LOAN,1500000,8.5,24,2025-02-11,ACTIVE,UNSECURED,2026-01-01 08:00:00
L10130,B0289,BR155,PERSONAL_LOAN,500000,10.5,60,2025-01-21,ACTIVE,UNSECURED,2026-01-01 08:00:00
L10131,B0500,BR346,VEHICLE_LOAN,1500000,10.5,36,2025-04-17,ACTIVE,UNSECURED,2026-01-01 08:00:00
L10132,B0022,BR037,VEHICLE_LOAN,250000,12.0,36,2025-02-28,ACTIVE,UNSECURED,2026-01-01 08:00:00
L10133,B0281,BR275,HOME_LOAN,250000,12.0,24,2025-01-30,ACTIVE,MORTGAGE,2026-01-01 08:00:00
L10134,B0492,BR159,VEHICLE_LOAN,1000000,8.5,60,2025-04-21,ACTIVE,UNSECURED,2026-01-01 08:00:00
L10135,B0218,BR383,HOME_LOAN,250000,9.0,12,2025-06-16,ACTIVE,MORTGAGE,2026-01-01 08:00:00
L10136,B0335,BR416,VEHICLE_LOAN,500000,10.5,24,2025-01-26,ACTIVE,UNSECURED,2026-01-01 08:00:00
L10137,B0091,BR177,VEHICLE_LOAN,500000,12.0,12,2025-02-05,ACTIVE,UNSECURED,2026-01-01 08:00:00
L10138,B0359,BR299,VEHICLE_LOAN,500000,8.5,24,2025-05-08,ACTIVE,UNSECURED,2026-01-01 08:00:00
L10139,B0030,BR160,PERSONAL_LOAN,250000,10.5,24,2025-03-04,ACTIVE,UNSECURED,2026-01-01 08:00:00
L10140,B0122,BR454,VEHICLE_LOAN,1000000,8.5,60,2025-05-21,ACTIVE,UNSECURED,2026-01-01 08:00:00
L10141,B0125,BR168,EDUCATION_LOAN,1500000,12.0,60,2025-01-09,ACTIVE,UNSECURED,2026-01-01 08:00:00
L10142,B0452,BR091,PERSONAL_LOAN,1500000,9.0,60,2025-05-12,ACTIVE,UNSECURED,2026-01-01 08:00:00
L10143,B0111,BR177,PERSONAL_LOAN,1000000,9.0,36,2025-06-07,ACTIVE,UNSECURED,2026-01-01 08:00:00
L10144,B0381,BR081,VEHICLE_LOAN,1000000,10.5,24,2025-02-27,ACTIVE,UNSECURED,2026-01-01 08:00:00
L10145,B0326,BR204,HOME_LOAN,500000,9.0,24,2025-04-16,ACTIVE,MORTGAGE,2026-01-01 08:00:00
L10146,B0093,BR345,EDUCATION_LOAN,1500000,9.0,60,2025-01-12,ACTIVE,UNSECURED,2026-01-01 08:00:00
L10147,B0317,BR106,HOME_LOAN,500000,10.5,36,2025-01-13,ACTIVE,MORTGAGE,2026-01-01 08:00:00
L10148,B0404,BR181,PERSONAL_LOAN,1000000,9.0,36,2025-02-26,ACTIVE,UNSECURED,2026-01-01 08:00:00
L10149,B0056,BR254,PERSONAL_LOAN,1000000,8.5,36,2025-03-26,ACTIVE,UNSECURED,2026-01-01 08:00:00
L10150,B0177,BR303,VEHICLE_LOAN,500000,9.0,36,2025-05-14,ACTIVE,UNSECURED,2026-01-01 08:00:00
L10151,B0062,BR150,PERSONAL_LOAN,250000,12.0,60,2025-06-25,ACTIVE,UNSECURED,2026-01-01 08:00:00
L10152,B0276,BR098,VEHICLE_LOAN,1500000,10.5,36,2025-02-19,ACTIVE,UNSECURED,2026-01-01 08:00:00
L10153,B0253,BR020,EDUCATION_LOAN,1500000,10.5,60,2025-03-18,ACTIVE,UNSECURED,2026-01-01 08:00:00
L10154,B0088,BR492,EDUCATION_LOAN,1000000,9.0,60,2025-05-27,ACTIVE,UNSECURED,2026-01-01 08:00:00
L10155,B0237,BR373,PERSONAL_LOAN,250000,12.0,24,2025-04-30,ACTIVE,UNSECURED,2026-01-01 08:00:00
L10156,B0316,BR483,HOME_LOAN,250000,10.5,60,2025-01-23,ACTIVE,MORTGAGE,2026-01-01 08:00:00
L10157,B0449,BR348,HOME_LOAN,1000000,12.0,24,2025-03-04,ACTIVE,MORTGAGE,2026-01-01 08:00:00
L10158,B0473,BR195,PERSONAL_LOAN,1500000,8.5,36,2025-01-06,ACTIVE,UNSECURED,2026-01-01 08:00:00
L10159,B0439,BR428,EDUCATION_LOAN,1500000,10.5,60,2025-03-08,ACTIVE,UNSECURED,2026-01-01 08:00:00
L10160,B0029,BR246,VEHICLE_LOAN,1000000,9.0,24,2025-01-27,ACTIVE,UNSECURED,2026-01-01 08:00:00
L10161,B0120,BR045,VEHICLE_LOAN,1000000,9.0,12,2025-06-13,ACTIVE,UNSECURED,2026-01-01 08:00:00
L10162,B0118,BR034,HOME_LOAN,500000,12.0,24,2025-06-10,ACTIVE,MORTGAGE,2026-01-01 08:00:00
L10163,B0490,BR239,VEHICLE_LOAN,500000,12.0,36,2025-02-19,ACTIVE,UNSECURED,2026-01-01 08:00:00
L10164,B0344,BR010,EDUCATION_LOAN,250000,9.0,24,2025-03-25,ACTIVE,UNSECURED,2026-01-01 08:00:00
L10165,B0178,BR226,HOME_LOAN,250000,8.5,24,2025-05-14,ACTIVE,MORTGAGE,2026-01-01 08:00:00
L10166,B0291,BR293,VEHICLE_LOAN,500000,9.0,12,2025-01-04,ACTIVE,UNSECURED,2026-01-01 08:00:00
L10167,B0186,BR051,VEHICLE_LOAN,1500000,9.0,24,2025-01-23,ACTIVE,UNSECURED,2026-01-01 08:00:00
L10168,B0329,BR093,PERSONAL_LOAN,1500000,12.0,24,2025-04-01,ACTIVE,UNSECURED,2026-01-01 08:00:00
L10169,B0416,BR449,EDUCATION_LOAN,1500000,9.0,12,2025-06-13,ACTIVE,UNSECURED,2026-01-01 08:00:00
L10170,B0007,BR008,VEHICLE_LOAN,250000,8.5,24,2025-03-12,ACTIVE,UNSECURED,2026-01-01 08:00:00
L10171,B0281,BR398,VEHICLE_LOAN,1500000,8.5,24,2025-06-03,ACTIVE,UNSECURED,2026-01-01 08:00:00
L10172,B0446,BR236,VEHICLE_LOAN,1000000,9.0,36,2025-06-13,ACTIVE,UNSECURED,2026-01-01 08:00:00
L10173,B0428,BR420,HOME_LOAN,1500000,8.5,24,2025-06-24,ACTIVE,MORTGAGE,2026-01-01 08:00:00
L10174,B0305,BR093,EDUCATION_LOAN,500000,8.5,12,2025-04-16,ACTIVE,UNSECURED,2026-01-01 08:00:00
L10175,B0432,BR463,HOME_LOAN,500000,8.5,36,2025-03-22,ACTIVE,MORTGAGE,2026-01-01 08:00:00
L10176,B0388,BR340,PERSONAL_LOAN,1500000,8.5,36,2025-05-08,ACTIVE,UNSECURED,2026-01-01 08:00:00
L10177,B0005,BR070,EDUCATION_LOAN,1500000,9.0,12,2025-03-19,ACTIVE,UNSECURED,2026-01-01 08:00:00
L10178,B0265,BR060,PERSONAL_LOAN,1500000,12.0,24,2025-01-05,ACTIVE,UNSECURED,2026-01-01 08:00:00
L10179,B0500,BR324,HOME_LOAN,1000000,10.5,36,2025-03-15,ACTIVE,MORTGAGE,2026-01-01 08:00:00
L10180,B0089,BR306,EDUCATION_LOAN,500000,9.0,60,2025-05-07,ACTIVE,UNSECURED,2026-01-01 08:00:00
L10181,B0498,BR107,VEHICLE_LOAN,1500000,12.0,60,2025-05-19,ACTIVE,UNSECURED,2026-01-01 08:00:00
L10182,B0250,BR079,HOME_LOAN,1000000,12.0,24,2025-02-13,ACTIVE,MORTGAGE,2026-01-01 08:00:00
L10183,B0320,BR180,VEHICLE_LOAN,250000,10.5,36,2025-05-10,ACTIVE,UNSECURED,2026-01-01 08:00:00
L10184,B0371,BR346,PERSONAL_LOAN,500000,10.5,12,2025-03-18,ACTIVE,UNSECURED,2026-01-01 08:00:00
L10185,B0349,BR235,VEHICLE_LOAN,500000,9.0,60,2025-06-24,ACTIVE,UNSECURED,2026-01-01 08:00:00
L10186,B0376,BR469,HOME_LOAN,250000,10.5,36,2025-04-01,ACTIVE,MORTGAGE,2026-01-01 08:00:00
L10187,B0346,BR447,HOME_LOAN,1000000,12.0,12,2025-01-20,ACTIVE,MORTGAGE,2026-01-01 08:00:00
L10188,B0287,BR091,HOME_LOAN,1500000,8.5,24,2025-04-20,ACTIVE,MORTGAGE,2026-01-01 08:00:00
L10189,B0037,BR092,EDUCATION_LOAN,250000,9.0,60,2025-04-08,ACTIVE,UNSECURED,2026-01-01 08:00:00
L10190,B0311,BR093,EDUCATION_LOAN,250000,10.5,12,2025-02-13,ACTIVE,UNSECURED,2026-01-01 08:00:00
L10191,B0290,BR476,EDUCATION_LOAN,1500000,9.0,12,2025-04-18,ACTIVE,UNSECURED,2026-01-01 08:00:00
L10192,B0290,BR305,PERSONAL_LOAN,500000,8.5,24,2025-04-15,ACTIVE,UNSECURED,2026-01-01 08:00:00
L10193,B0134,BR372,EDUCATION_LOAN,250000,12.0,24,2025-06-24,ACTIVE,UNSECURED,2026-01-01 08:00:00
L10194,B0020,BR193,PERSONAL_LOAN,500000,8.5,60,2025-05-15,ACTIVE,UNSECURED,2026-01-01 08:00:00
L10195,B0423,BR354,HOME_LOAN,1500000,12.0,36,2025-06-03,ACTIVE,MORTGAGE,2026-01-01 08:00:00
L10196,B0332,BR281,PERSONAL_LOAN,250000,9.0,12,2025-05-29,ACTIVE,UNSECURED,2026-01-01 08:00:00
L10197,B0409,BR272,PERSONAL_LOAN,1500000,9.0,60,2025-04-08,ACTIVE,UNSECURED,2026-01-01 08:00:00
L10198,B0067,BR357,VEHICLE_LOAN,1500000,8.5,24,2025-01-07,ACTIVE,UNSECURED,2026-01-01 08:00:00
L10199,B0347,BR291,EDUCATION_LOAN,1000000,8.5,36,2025-05-30,ACTIVE,UNSECURED,2026-01-01 08:00:00
L10200,B0122,BR009,PERSONAL_LOAN,1000000,12.0,24,2025-05-30,ACTIVE,UNSECURED,2026-01-01 08:00:00
L10201,B0254,BR415,PERSONAL_LOAN,1500000,9.0,36,2025-02-03,ACTIVE,UNSECURED,2026-01-01 08:00:00
L10202,B0211,BR401,PERSONAL_LOAN,250000,12.0,12,2025-06-15,ACTIVE,UNSECURED,2026-01-01 08:00:00
L10203,B0048,BR105,VEHICLE_LOAN,250000,8.5,36,2025-06-16,ACTIVE,UNSECURED,2026-01-01 08:00:00
L10204,B0449,BR101,PERSONAL_LOAN,500000,9.0,24,2025-01-22,ACTIVE,UNSECURED,2026-01-01 08:00:00
L10205,B0333,BR476,VEHICLE_LOAN,1500000,9.0,60,2025-06-22,ACTIVE,UNSECURED,2026-01-01 08:00:00
L10206,B0387,BR429,VEHICLE_LOAN,1500000,9.0,12,2025-05-26,ACTIVE,UNSECURED,2026-01-01 08:00:00
L10207,B0245,BR363,VEHICLE_LOAN,1000000,8.5,60,2025-04-02,ACTIVE,UNSECURED,2026-01-01 08:00:00
L10208,B0387,BR201,HOME_LOAN,500000,8.5,24,2025-03-02,ACTIVE,MORTGAGE,2026-01-01 08:00:00
L10209,B0464,BR293,PERSONAL_LOAN,250000,10.5,60,2025-01-24,ACTIVE,UNSECURED,2026-01-01 08:00:00
L10210,B0212,BR195,PERSONAL_LOAN,500000,8.5,60,2025-01-31,ACTIVE,UNSECURED,2026-01-01 08:00:00
L10211,B0036,BR056,HOME_LOAN,250000,8.5,12,2025-04-29,ACTIVE,MORTGAGE,2026-01-01 08:00:00
L10212,B0271,BR042,HOME_LOAN,500000,10.5,36,2025-01-08,ACTIVE,MORTGAGE,2026-01-01 08:00:00
L10213,B0054,BR357,PERSONAL_LOAN,1000000,10.5,60,2025-02-02,ACTIVE,UNSECURED,2026-01-01 08:00:00
L10214,B0339,BR212,PERSONAL_LOAN,250000,9.0,60,2025-05-06,ACTIVE,UNSECURED,2026-01-01 08:00:00
L10215,B0398,BR456,EDUCATION_LOAN,1000000,12.0,36,2025-02-04,ACTIVE,UNSECURED,2026-01-01 08:00:00
L10216,B0031,BR344,EDUCATION_LOAN,500000,12.0,36,2025-01-29,ACTIVE,UNSECURED,2026-01-01 08:00:00
L10217,B0215,BR086,EDUCATION_LOAN,1000000,8.5,12,2025-05-24,ACTIVE,UNSECURED,2026-01-01 08:00:00
L10218,B0352,BR214,PERSONAL_LOAN,1500000,8.5,60,2025-05-11,ACTIVE,UNSECURED,2026-01-01 08:00:00
L10219,B0449,BR364,EDUCATION_LOAN,1000000,12.0,36,2025-03-02,ACTIVE,UNSECURED,2026-01-01 08:00:00
L10220,B0135,BR173,PERSONAL_LOAN,1500000,12.0,24,2025-04-15,ACTIVE,UNSECURED,2026-01-01 08:00:00
L10221,B0069,BR148,EDUCATION_LOAN,1500000,9.0,60,2025-04-04,ACTIVE,UNSECURED,2026-01-01 08:00:00
L10222,B0477,BR009,EDUCATION_LOAN,1000000,8.5,12,2025-01-28,ACTIVE,UNSECURED,2026-01-01 08:00:00
L10223,B0139,BR331,EDUCATION_LOAN,500000,10.5,60,2025-01-13,ACTIVE,UNSECURED,2026-01-01 08:00:00
L10224,B0194,BR227,HOME_LOAN,500000,12.0,24,2025-01-31,ACTIVE,MORTGAGE,2026-01-01 08:00:00
L10225,B0095,BR357,VEHICLE_LOAN,250000,8.5,60,2025-01-16,ACTIVE,UNSECURED,2026-01-01 08:00:00
L10226,B0416,BR021,EDUCATION_LOAN,1000000,8.5,12,2025-03-10,ACTIVE,UNSECURED,2026-01-01 08:00:00
L10227,B0041,BR015,HOME_LOAN,1000000,12.0,60,2025-04-24,ACTIVE,MORTGAGE,2026-01-01 08:00:00
L10228,B0032,BR070,EDUCATION_LOAN,250000,8.5,24,2025-01-14,ACTIVE,UNSECURED,2026-01-01 08:00:00
L10229,B0485,BR451,HOME_LOAN,250000,10.5,12,2025-03-16,ACTIVE,MORTGAGE,2026-01-01 08:00:00
L10230,B0059,BR120,VEHICLE_LOAN,500000,9.0,24,2025-05-24,ACTIVE,UNSECURED,2026-01-01 08:00:00
L10231,B0360,BR212,PERSONAL_LOAN,1500000,8.5,12,2025-01-16,ACTIVE,UNSECURED,2026-01-01 08:00:00
L10232,B0273,BR402,PERSONAL_LOAN,250000,10.5,60,2025-03-27,ACTIVE,UNSECURED,2026-01-01 08:00:00
L10233,B0420,BR410,PERSONAL_LOAN,500000,12.0,12,2025-06-19,ACTIVE,UNSECURED,2026-01-01 08:00:00
L10234,B0307,BR250,EDUCATION_LOAN,500000,10.5,12,2025-04-21,ACTIVE,UNSECURED,2026-01-01 08:00:00
L10235,B0257,BR283,VEHICLE_LOAN,500000,8.5,60,2025-05-16,ACTIVE,UNSECURED,2026-01-01 08:00:00
L10236,B0308,BR067,PERSONAL_LOAN,1500000,9.0,36,2025-05-12,ACTIVE,UNSECURED,2026-01-01 08:00:00
L10237,B0240,BR099,EDUCATION_LOAN,500000,10.5,24,2025-03-29,ACTIVE,UNSECURED,2026-01-01 08:00:00
L10238,B0300,BR260,PERSONAL_LOAN,1000000,12.0,12,2025-02-19,ACTIVE,UNSECURED,2026-01-01 08:00:00
L10239,B0349,BR081,VEHICLE_LOAN,1000000,9.0,12,2025-04-21,ACTIVE,UNSECURED,2026-01-01 08:00:00
L10240,B0381,BR161,PERSONAL_LOAN,250000,12.0,60,2025-04-22,ACTIVE,UNSECURED,2026-01-01 08:00:00
L10241,B0130,BR203,EDUCATION_LOAN,1500000,10.5,36,2025-01-12,ACTIVE,UNSECURED,2026-01-01 08:00:00
L10242,B0223,BR057,HOME_LOAN,1500000,9.0,24,2025-01-27,ACTIVE,MORTGAGE,2026-01-01 08:00:00
L10243,B0313,BR047,EDUCATION_LOAN,250000,12.0,12,2025-04-27,ACTIVE,UNSECURED,2026-01-01 08:00:00
L10244,B0218,BR453,VEHICLE_LOAN,250000,10.5,12,2025-04-16,ACTIVE,UNSECURED,2026-01-01 08:00:00
L10245,B0280,BR341,HOME_LOAN,1500000,9.0,36,2025-06-19,ACTIVE,MORTGAGE,2026-01-01 08:00:00
L10246,B0010,BR251,HOME_LOAN,1500000,10.5,60,2025-06-08,ACTIVE,MORTGAGE,2026-01-01 08:00:00
L10247,B0274,BR332,HOME_LOAN,250000,12.0,60,2025-05-09,ACTIVE,MORTGAGE,2026-01-01 08:00:00
L10248,B0144,BR376,PERSONAL_LOAN,500000,12.0,12,2025-03-08,ACTIVE,UNSECURED,2026-01-01 08:00:00
L10249,B0467,BR467,PERSONAL_LOAN,250000,12.0,12,2025-02-14,ACTIVE,UNSECURED,2026-01-01 08:00:00
L10250,B0151,BR381,HOME_LOAN,1000000,9.0,24,2025-01-07,ACTIVE,MORTGAGE,2026-01-01 08:00:00
L10251,B0266,BR006,EDUCATION_LOAN,250000,10.5,36,2025-05-16,ACTIVE,UNSECURED,2026-01-01 08:00:00
L10252,B0126,BR106,PERSONAL_LOAN,500000,8.5,24,2025-03-16,ACTIVE,UNSECURED,2026-01-01 08:00:00
L10253,B0193,BR077,EDUCATION_LOAN,500000,9.0,12,2025-06-30,ACTIVE,UNSECURED,2026-01-01 08:00:00
L10254,B0304,BR197,EDUCATION_LOAN,1000000,8.5,60,2025-01-08,ACTIVE,UNSECURED,2026-01-01 08:00:00
L10255,B0257,BR351,VEHICLE_LOAN,1500000,12.0,24,2025-03-07,ACTIVE,UNSECURED,2026-01-01 08:00:00
L10256,B0140,BR373,HOME_LOAN,1000000,12.0,24,2025-06-15,ACTIVE,MORTGAGE,2026-01-01 08:00:00
L10257,B0135,BR358,HOME_LOAN,1000000,12.0,12,2025-05-03,ACTIVE,MORTGAGE,2026-01-01 08:00:00
L10258,B0036,BR348,EDUCATION_LOAN,1000000,9.0,60,2025-06-22,ACTIVE,UNSECURED,2026-01-01 08:00:00
L10259,B0382,BR142,VEHICLE_LOAN,1000000,8.5,60,2025-05-19,ACTIVE,UNSECURED,2026-01-01 08:00:00
L10260,B0007,BR116,HOME_LOAN,1000000,10.5,12,2025-01-20,ACTIVE,MORTGAGE,2026-01-01 08:00:00
L10261,B0448,BR398,EDUCATION_LOAN,250000,12.0,36,2025-02-11,ACTIVE,UNSECURED,2026-01-01 08:00:00
L10262,B0028,BR016,VEHICLE_LOAN,1500000,9.0,12,2025-01-03,ACTIVE,UNSECURED,2026-01-01 08:00:00
L10263,B0065,BR455,VEHICLE_LOAN,500000,8.5,24,2025-01-31,ACTIVE,UNSECURED,2026-01-01 08:00:00
L10264,B0263,BR198,PERSONAL_LOAN,250000,8.5,12,2025-01-18,ACTIVE,UNSECURED,2026-01-01 08:00:00
L10265,B0220,BR388,EDUCATION_LOAN,250000,9.0,24,2025-04-03,ACTIVE,UNSECURED,2026-01-01 08:00:00
L10266,B0040,BR412,VEHICLE_LOAN,250000,9.0,36,2025-05-05,ACTIVE,UNSECURED,2026-01-01 08:00:00
L10267,B0406,BR243,VEHICLE_LOAN,1000000,12.0,12,2025-04-08,ACTIVE,UNSECURED,2026-01-01 08:00:00
L10268,B0211,BR329,PERSONAL_LOAN,500000,10.5,12,2025-01-07,ACTIVE,UNSECURED,2026-01-01 08:00:00
L10269,B0389,BR189,EDUCATION_LOAN,250000,9.0,60,2025-03-31,ACTIVE,UNSECURED,2026-01-01 08:00:00
L10270,B0006,BR377,VEHICLE_LOAN,1000000,9.0,24,2025-01-23,ACTIVE,UNSECURED,2026-01-01 08:00:00
L10271,B0408,BR161,VEHICLE_LOAN,1000000,9.0,12,2025-04-16,ACTIVE,UNSECURED,2026-01-01 08:00:00
L10272,B0286,BR307,HOME_LOAN,1000000,9.0,24,2025-06-28,ACTIVE,MORTGAGE,2026-01-01 08:00:00
L10273,B0435,BR091,EDUCATION_LOAN,250000,10.5,24,2025-05-06,ACTIVE,UNSECURED,2026-01-01 08:00:00
L10274,B0289,BR388,HOME_LOAN,500000,12.0,60,2025-03-15,ACTIVE,MORTGAGE,2026-01-01 08:00:00
L10275,B0337,BR127,HOME_LOAN,1500000,9.0,60,2025-01-17,ACTIVE,MORTGAGE,2026-01-01 08:00:00
L10276,B0472,BR050,HOME_LOAN,1000000,12.0,24,2025-01-25,ACTIVE,MORTGAGE,2026-01-01 08:00:00
L10277,B0189,BR140,PERSONAL_LOAN,500000,8.5,24,2025-06-02,ACTIVE,UNSECURED,2026-01-01 08:00:00
L10278,B0395,BR232,HOME_LOAN,250000,8.5,24,2025-03-22,ACTIVE,MORTGAGE,2026-01-01 08:00:00
L10279,B0011,BR223,HOME_LOAN,500000,8.5,24,2025-05-07,ACTIVE,MORTGAGE,2026-01-01 08:00:00
L10280,B0071,BR149,VEHICLE_LOAN,1500000,12.0,24,2025-04-12,ACTIVE,UNSECURED,2026-01-01 08:00:00
L10281,B0455,BR162,VEHICLE_LOAN,1500000,12.0,12,2025-02-16,ACTIVE,UNSECURED,2026-01-01 08:00:00
L10282,B0117,BR080,PERSONAL_LOAN,500000,12.0,36,2025-02-14,ACTIVE,UNSECURED,2026-01-01 08:00:00
L10283,B0156,BR042,VEHICLE_LOAN,500000,10.5,12,2025-02-08,ACTIVE,UNSECURED,2026-01-01 08:00:00
L10284,B0234,BR084,PERSONAL_LOAN,1500000,8.5,60,2025-01-11,ACTIVE,UNSECURED,2026-01-01 08:00:00
L10285,B0350,BR020,EDUCATION_LOAN,1500000,9.0,36,2025-02-16,ACTIVE,UNSECURED,2026-01-01 08:00:00
L10286,B0096,BR422,HOME_LOAN,1500000,10.5,24,2025-02-21,ACTIVE,MORTGAGE,2026-01-01 08:00:00
L10287,B0211,BR223,PERSONAL_LOAN,1500000,12.0,24,2025-01-27,ACTIVE,UNSECURED,2026-01-01 08:00:00
L10288,B0362,BR410,VEHICLE_LOAN,500000,10.5,24,2025-02-22,ACTIVE,UNSECURED,2026-01-01 08:00:00
L10289,B0350,BR453,HOME_LOAN,250000,8.5,12,2025-01-18,ACTIVE,MORTGAGE,2026-01-01 08:00:00
L10290,B0328,BR500,EDUCATION_LOAN,1000000,9.0,60,2025-04-07,ACTIVE,UNSECURED,2026-01-01 08:00:00
L10291,B0148,BR432,EDUCATION_LOAN,1000000,8.5,36,2025-01-12,ACTIVE,UNSECURED,2026-01-01 08:00:00
L10292,B0158,BR346,EDUCATION_LOAN,1000000,10.5,12,2025-03-20,ACTIVE,UNSECURED,2026-01-01 08:00:00
L10293,B0058,BR314,EDUCATION_LOAN,500000,9.0,12,2025-05-20,ACTIVE,UNSECURED,2026-01-01 08:00:00
L10294,B0168,BR498,PERSONAL_LOAN,250000,12.0,12,2025-05-09,ACTIVE,UNSECURED,2026-01-01 08:00:00
L10295,B0350,BR465,HOME_LOAN,500000,9.0,12,2025-05-20,ACTIVE,MORTGAGE,2026-01-01 08:00:00
L10296,B0292,BR243,PERSONAL_LOAN,1000000,10.5,24,2025-03-05,ACTIVE,UNSECURED,2026-01-01 08:00:00
L10297,B0186,BR366,PERSONAL_LOAN,250000,12.0,12,2025-01-21,ACTIVE,UNSECURED,2026-01-01 08:00:00
L10298,B0355,BR101,EDUCATION_LOAN,500000,10.5,12,2025-06-18,ACTIVE,UNSECURED,2026-01-01 08:00:00
L10299,B0174,BR268,VEHICLE_LOAN,1500000,9.0,12,2025-05-22,ACTIVE,UNSECURED,2026-01-01 08:00:00
L10300,B0323,BR412,EDUCATION_LOAN,250000,8.5,12,2025-04-11,ACTIVE,UNSECURED,2026-01-01 08:00:00
L10301,B0099,BR398,HOME_LOAN,250000,12.0,12,2025-01-08,ACTIVE,MORTGAGE,2026-01-01 08:00:00
L10302,B0432,BR035,PERSONAL_LOAN,500000,9.0,60,2025-04-28,ACTIVE,UNSECURED,2026-01-01 08:00:00
L10303,B0373,BR488,PERSONAL_LOAN,1000000,8.5,60,2025-04-02,ACTIVE,UNSECURED,2026-01-01 08:00:00
L10304,B0481,BR002,HOME_LOAN,1500000,8.5,60,2025-05-27,ACTIVE,MORTGAGE,2026-01-01 08:00:00
L10305,B0041,BR064,EDUCATION_LOAN,1000000,9.0,24,2025-06-01,ACTIVE,UNSECURED,2026-01-01 08:00:00
L10306,B0091,BR014,EDUCATION_LOAN,1000000,9.0,36,2025-05-23,ACTIVE,UNSECURED,2026-01-01 08:00:00
L10307,B0080,BR377,PERSONAL_LOAN,1500000,10.5,60,2025-04-14,ACTIVE,UNSECURED,2026-01-01 08:00:00
L10308,B0450,BR415,HOME_LOAN,1000000,12.0,60,2025-03-15,ACTIVE,MORTGAGE,2026-01-01 08:00:00
L10309,B0226,BR041,HOME_LOAN,500000,9.0,36,2025-06-02,ACTIVE,MORTGAGE,2026-01-01 08:00:00
L10310,B0308,BR047,PERSONAL_LOAN,500000,12.0,36,2025-02-19,ACTIVE,UNSECURED,2026-01-01 08:00:00
L10311,B0490,BR383,VEHICLE_LOAN,1500000,9.0,60,2025-04-25,ACTIVE,UNSECURED,2026-01-01 08:00:00
L10312,B0409,BR409,PERSONAL_LOAN,1500000,10.5,60,2025-02-24,ACTIVE,UNSECURED,2026-01-01 08:00:00
L10313,B0180,BR284,HOME_LOAN,1500000,12.0,36,2025-04-03,ACTIVE,MORTGAGE,2026-01-01 08:00:00
L10314,B0483,BR338,VEHICLE_LOAN,1000000,9.0,36,2025-04-30,ACTIVE,UNSECURED,2026-01-01 08:00:00
L10315,B0213,BR341,VEHICLE_LOAN,250000,12.0,36,2025-03-14,ACTIVE,UNSECURED,2026-01-01 08:00:00
L10316,B0107,BR308,VEHICLE_LOAN,1500000,10.5,12,2025-01-28,ACTIVE,UNSECURED,2026-01-01 08:00:00
L10317,B0026,BR343,EDUCATION_LOAN,1000000,12.0,24,2025-03-09,ACTIVE,UNSECURED,2026-01-01 08:00:00
L10318,B0384,BR482,PERSONAL_LOAN,1000000,8.5,24,2025-06-14,ACTIVE,UNSECURED,2026-01-01 08:00:00
L10319,B0399,BR439,VEHICLE_LOAN,1500000,12.0,24,2025-03-03,ACTIVE,UNSECURED,2026-01-01 08:00:00
L10320,B0426,BR309,HOME_LOAN,500000,10.5,60,2025-03-30,ACTIVE,MORTGAGE,2026-01-01 08:00:00
L10321,B0009,BR286,VEHICLE_LOAN,250000,12.0,24,2025-05-04,ACTIVE,UNSECURED,2026-01-01 08:00:00
L10322,B0421,BR320,PERSONAL_LOAN,500000,9.0,60,2025-01-23,ACTIVE,UNSECURED,2026-01-01 08:00:00
L10323,B0324,BR368,HOME_LOAN,1500000,9.0,36,2025-02-28,ACTIVE,MORTGAGE,2026-01-01 08:00:00
L10324,B0295,BR481,EDUCATION_LOAN,250000,8.5,60,2025-06-28,ACTIVE,UNSECURED,2026-01-01 08:00:00
L10325,B0373,BR247,PERSONAL_LOAN,500000,8.5,24,2025-05-31,ACTIVE,UNSECURED,2026-01-01 08:00:00
L10326,B0213,BR315,PERSONAL_LOAN,250000,12.0,24,2025-06-27,ACTIVE,UNSECURED,2026-01-01 08:00:00
L10327,B0399,BR155,HOME_LOAN,1000000,12.0,60,2025-06-11,ACTIVE,MORTGAGE,2026-01-01 08:00:00
L10328,B0329,BR388,EDUCATION_LOAN,250000,10.5,36,2025-05-01,ACTIVE,UNSECURED,2026-01-01 08:00:00
L10329,B0176,BR339,HOME_LOAN,1000000,12.0,24,2025-06-07,ACTIVE,MORTGAGE,2026-01-01 08:00:00
L10330,B0417,BR457,HOME_LOAN,250000,12.0,24,2025-06-12,ACTIVE,MORTGAGE,2026-01-01 08:00:00
L10331,B0500,BR180,HOME_LOAN,1000000,8.5,36,2025-06-24,ACTIVE,MORTGAGE,2026-01-01 08:00:00
L10332,B0141,BR131,HOME_LOAN,1000000,10.5,36,2025-02-25,ACTIVE,MORTGAGE,2026-01-01 08:00:00
L10333,B0463,BR009,HOME_LOAN,500000,10.5,60,2025-06-06,ACTIVE,MORTGAGE,2026-01-01 08:00:00
L10334,B0105,BR078,EDUCATION_LOAN,1500000,8.5,60,2025-01-01,ACTIVE,UNSECURED,2026-01-01 08:00:00
L10335,B0039,BR135,EDUCATION_LOAN,1500000,10.5,36,2025-03-18,ACTIVE,UNSECURED,2026-01-01 08:00:00
L10336,B0442,BR168,VEHICLE_LOAN,1000000,10.5,60,2025-03-20,ACTIVE,UNSECURED,2026-01-01 08:00:00
L10337,B0150,BR181,PERSONAL_LOAN,500000,8.5,36,2025-04-08,ACTIVE,UNSECURED,2026-01-01 08:00:00
L10338,B0272,BR133,HOME_LOAN,500000,9.0,24,2025-04-19,ACTIVE,MORTGAGE,2026-01-01 08:00:00
L10339,B0101,BR487,VEHICLE_LOAN,250000,12.0,12,2025-03-26,ACTIVE,UNSECURED,2026-01-01 08:00:00
L10340,B0305,BR211,VEHICLE_LOAN,1000000,9.0,24,2025-05-17,ACTIVE,UNSECURED,2026-01-01 08:00:00
L10341,B0214,BR165,PERSONAL_LOAN,500000,9.0,36,2025-06-24,ACTIVE,UNSECURED,2026-01-01 08:00:00
L10342,B0130,BR320,HOME_LOAN,1000000,9.0,12,2025-03-29,ACTIVE,MORTGAGE,2026-01-01 08:00:00
L10343,B0183,BR059,PERSONAL_LOAN,500000,9.0,60,2025-02-14,ACTIVE,UNSECURED,2026-01-01 08:00:00
L10344,B0396,BR297,HOME_LOAN,1500000,12.0,24,2025-01-20,ACTIVE,MORTGAGE,2026-01-01 08:00:00
L10345,B0163,BR069,EDUCATION_LOAN,1500000,12.0,12,2025-03-15,ACTIVE,UNSECURED,2026-01-01 08:00:00
L10346,B0203,BR190,PERSONAL_LOAN,1000000,10.5,36,2025-04-01,ACTIVE,UNSECURED,2026-01-01 08:00:00
L10347,B0383,BR219,VEHICLE_LOAN,500000,12.0,36,2025-01-16,ACTIVE,UNSECURED,2026-01-01 08:00:00
L10348,B0050,BR192,HOME_LOAN,500000,8.5,12,2025-05-08,ACTIVE,MORTGAGE,2026-01-01 08:00:00
L10349,B0133,BR286,VEHICLE_LOAN,1500000,12.0,60,2025-05-06,ACTIVE,UNSECURED,2026-01-01 08:00:00
L10350,B0370,BR158,PERSONAL_LOAN,500000,10.5,60,2025-06-05,ACTIVE,UNSECURED,2026-01-01 08:00:00
L10351,B0248,BR114,PERSONAL_LOAN,1000000,9.0,60,2025-01-19,ACTIVE,UNSECURED,2026-01-01 08:00:00
L10352,B0389,BR474,HOME_LOAN,250000,12.0,24,2025-03-17,ACTIVE,MORTGAGE,2026-01-01 08:00:00
L10353,B0143,BR256,PERSONAL_LOAN,250000,8.5,12,2025-02-21,ACTIVE,UNSECURED,2026-01-01 08:00:00
L10354,B0058,BR373,PERSONAL_LOAN,250000,12.0,12,2025-03-21,ACTIVE,UNSECURED,2026-01-01 08:00:00
L10355,B0186,BR216,PERSONAL_LOAN,500000,9.0,12,2025-05-29,ACTIVE,UNSECURED,2026-01-01 08:00:00
L10356,B0178,BR156,PERSONAL_LOAN,1000000,10.5,60,2025-04-30,ACTIVE,UNSECURED,2026-01-01 08:00:00
L10357,B0123,BR429,EDUCATION_LOAN,250000,10.5,60,2025-03-10,ACTIVE,UNSECURED,2026-01-01 08:00:00
L10358,B0337,BR480,HOME_LOAN,250000,8.5,12,2025-03-25,ACTIVE,MORTGAGE,2026-01-01 08:00:00
L10359,B0205,BR325,HOME_LOAN,500000,9.0,24,2025-04-20,ACTIVE,MORTGAGE,2026-01-01 08:00:00
L10360,B0302,BR404,VEHICLE_LOAN,500000,9.0,12,2025-05-30,ACTIVE,UNSECURED,2026-01-01 08:00:00
L10361,B0487,BR500,PERSONAL_LOAN,1500000,9.0,36,2025-01-04,ACTIVE,UNSECURED,2026-01-01 08:00:00
L10362,B0192,BR129,HOME_LOAN,500000,12.0,12,2025-05-12,ACTIVE,MORTGAGE,2026-01-01 08:00:00
L10363,B0276,BR415,PERSONAL_LOAN,1000000,12.0,12,2025-06-08,ACTIVE,UNSECURED,2026-01-01 08:00:00
L10364,B0394,BR141,HOME_LOAN,500000,9.0,36,2025-02-13,ACTIVE,MORTGAGE,2026-01-01 08:00:00
L10365,B0169,BR032,HOME_LOAN,500000,9.0,36,2025-03-11,ACTIVE,MORTGAGE,2026-01-01 08:00:00
L10366,B0379,BR146,VEHICLE_LOAN,250000,12.0,60,2025-05-21,ACTIVE,UNSECURED,2026-01-01 08:00:00
L10367,B0433,BR476,PERSONAL_LOAN,500000,9.0,60,2025-05-21,ACTIVE,UNSECURED,2026-01-01 08:00:00
L10368,B0208,BR099,HOME_LOAN,250000,10.5,36,2025-03-10,ACTIVE,MORTGAGE,2026-01-01 08:00:00
L10369,B0182,BR116,HOME_LOAN,500000,9.0,36,2025-04-24,ACTIVE,MORTGAGE,2026-01-01 08:00:00
L10370,B0158,BR382,HOME_LOAN,1500000,8.5,60,2025-03-13,ACTIVE,MORTGAGE,2026-01-01 08:00:00
L10371,B0412,BR171,HOME_LOAN,1000000,9.0,36,2025-04-07,ACTIVE,MORTGAGE,2026-01-01 08:00:00
L10372,B0043,BR398,EDUCATION_LOAN,1000000,12.0,12,2025-02-19,ACTIVE,UNSECURED,2026-01-01 08:00:00
L10373,B0147,BR097,EDUCATION_LOAN,1000000,12.0,24,2025-02-28,ACTIVE,UNSECURED,2026-01-01 08:00:00
L10374,B0468,BR058,EDUCATION_LOAN,1000000,8.5,36,2025-05-28,ACTIVE,UNSECURED,2026-01-01 08:00:00
L10375,B0229,BR468,EDUCATION_LOAN,1500000,10.5,24,2025-03-17,ACTIVE,UNSECURED,2026-01-01 08:00:00
L10376,B0225,BR324,PERSONAL_LOAN,250000,10.5,60,2025-03-07,ACTIVE,UNSECURED,2026-01-01 08:00:00
L10377,B0310,BR008,HOME_LOAN,1000000,8.5,24,2025-04-29,ACTIVE,MORTGAGE,2026-01-01 08:00:00
L10378,B0387,BR494,PERSONAL_LOAN,250000,8.5,12,2025-05-03,ACTIVE,UNSECURED,2026-01-01 08:00:00
L10379,B0121,BR256,HOME_LOAN,1000000,10.5,60,2025-05-10,ACTIVE,MORTGAGE,2026-01-01 08:00:00
L10380,B0483,BR035,VEHICLE_LOAN,1000000,12.0,60,2025-06-28,ACTIVE,UNSECURED,2026-01-01 08:00:00
L10381,B0330,BR108,HOME_LOAN,250000,12.0,36,2025-04-01,ACTIVE,MORTGAGE,2026-01-01 08:00:00
L10382,B0446,BR367,PERSONAL_LOAN,250000,8.5,24,2025-05-28,ACTIVE,UNSECURED,2026-01-01 08:00:00
L10383,B0425,BR452,HOME_LOAN,1000000,12.0,36,2025-01-04,ACTIVE,MORTGAGE,2026-01-01 08:00:00
L10384,B0266,BR121,VEHICLE_LOAN,1000000,9.0,36,2025-03-30,ACTIVE,UNSECURED,2026-01-01 08:00:00
L10385,B0139,BR492,VEHICLE_LOAN,500000,10.5,36,2025-04-16,ACTIVE,UNSECURED,2026-01-01 08:00:00
L10386,B0126,BR448,PERSONAL_LOAN,500000,8.5,60,2025-03-18,ACTIVE,UNSECURED,2026-01-01 08:00:00
L10387,B0263,BR324,VEHICLE_LOAN,500000,10.5,12,2025-01-31,ACTIVE,UNSECURED,2026-01-01 08:00:00
L10388,B0339,BR499,PERSONAL_LOAN,1500000,9.0,12,2025-01-13,ACTIVE,UNSECURED,2026-01-01 08:00:00
L10389,B0099,BR159,HOME_LOAN,500000,12.0,24,2025-06-17,ACTIVE,MORTGAGE,2026-01-01 08:00:00
L10390,B0128,BR085,VEHICLE_LOAN,500000,10.5,24,2025-05-27,ACTIVE,UNSECURED,2026-01-01 08:00:00
L10391,B0286,BR434,EDUCATION_LOAN,1500000,8.5,24,2025-03-05,ACTIVE,UNSECURED,2026-01-01 08:00:00
L10392,B0011,BR068,HOME_LOAN,1500000,12.0,36,2025-05-01,ACTIVE,MORTGAGE,2026-01-01 08:00:00
L10393,B0472,BR326,EDUCATION_LOAN,1000000,8.5,24,2025-05-02,ACTIVE,UNSECURED,2026-01-01 08:00:00
L10394,B0113,BR331,EDUCATION_LOAN,500000,10.5,24,2025-01-12,ACTIVE,UNSECURED,2026-01-01 08:00:00
L10395,B0397,BR036,VEHICLE_LOAN,250000,9.0,36,2025-04-15,ACTIVE,UNSECURED,2026-01-01 08:00:00
L10396,B0446,BR351,HOME_LOAN,1500000,10.5,24,2025-01-29,ACTIVE,MORTGAGE,2026-01-01 08:00:00
L10397,B0357,BR348,VEHICLE_LOAN,1000000,12.0,36,2025-01-29,ACTIVE,UNSECURED,2026-01-01 08:00:00
L10398,B0143,BR231,PERSONAL_LOAN,1500000,10.5,36,2025-05-19,ACTIVE,UNSECURED,2026-01-01 08:00:00
L10399,B0388,BR070,PERSONAL_LOAN,500000,9.0,60,2025-04-11,ACTIVE,UNSECURED,2026-01-01 08:00:00
L10400,B0064,BR039,HOME_LOAN,250000,8.5,12,2025-04-03,ACTIVE,MORTGAGE,2026-01-01 08:00:00
L10401,B0045,BR340,VEHICLE_LOAN,250000,8.5,36,2025-01-24,ACTIVE,UNSECURED,2026-01-01 08:00:00
L10402,B0172,BR479,HOME_LOAN,500000,8.5,12,2025-05-26,ACTIVE,MORTGAGE,2026-01-01 08:00:00
L10403,B0045,BR460,HOME_LOAN,250000,10.5,24,2025-04-20,ACTIVE,MORTGAGE,2026-01-01 08:00:00
L10404,B0124,BR014,EDUCATION_LOAN,1500000,10.5,12,2025-04-03,ACTIVE,UNSECURED,2026-01-01 08:00:00
L10405,B0487,BR062,PERSONAL_LOAN,1500000,12.0,12,2025-02-14,ACTIVE,UNSECURED,2026-01-01 08:00:00
L10406,B0375,BR437,PERSONAL_LOAN,1000000,8.5,12,2025-01-23,ACTIVE,UNSECURED,2026-01-01 08:00:00
L10407,B0144,BR417,HOME_LOAN,250000,12.0,24,2025-03-21,ACTIVE,MORTGAGE,2026-01-01 08:00:00
L10408,B0204,BR257,HOME_LOAN,250000,12.0,60,2025-01-05,ACTIVE,MORTGAGE,2026-01-01 08:00:00
L10409,B0081,BR319,EDUCATION_LOAN,250000,10.5,12,2025-03-10,ACTIVE,UNSECURED,2026-01-01 08:00:00
L10410,B0410,BR327,PERSONAL_LOAN,1500000,9.0,12,2025-04-28,ACTIVE,UNSECURED,2026-01-01 08:00:00
L10411,B0105,BR102,VEHICLE_LOAN,250000,10.5,60,2025-06-18,ACTIVE,UNSECURED,2026-01-01 08:00:00
L10412,B0429,BR144,PERSONAL_LOAN,1000000,10.5,36,2025-06-09,ACTIVE,UNSECURED,2026-01-01 08:00:00
L10413,B0373,BR167,PERSONAL_LOAN,500000,9.0,24,2025-05-04,ACTIVE,UNSECURED,2026-01-01 08:00:00
L10414,B0143,BR459,VEHICLE_LOAN,250000,12.0,60,2025-04-24,ACTIVE,UNSECURED,2026-01-01 08:00:00
L10415,B0022,BR125,EDUCATION_LOAN,500000,10.5,12,2025-01-20,ACTIVE,UNSECURED,2026-01-01 08:00:00
L10416,B0022,BR015,PERSONAL_LOAN,1000000,9.0,12,2025-02-16,ACTIVE,UNSECURED,2026-01-01 08:00:00
L10417,B0100,BR418,PERSONAL_LOAN,1500000,8.5,12,2025-03-13,ACTIVE,UNSECURED,2026-01-01 08:00:00
L10418,B0083,BR447,VEHICLE_LOAN,250000,8.5,12,2025-05-07,ACTIVE,UNSECURED,2026-01-01 08:00:00
L10419,B0302,BR262,HOME_LOAN,250000,8.5,60,2025-06-18,ACTIVE,MORTGAGE,2026-01-01 08:00:00
L10420,B0448,BR244,PERSONAL_LOAN,250000,12.0,12,2025-04-27,ACTIVE,UNSECURED,2026-01-01 08:00:00
L10421,B0050,BR495,HOME_LOAN,500000,10.5,24,2025-02-17,ACTIVE,MORTGAGE,2026-01-01 08:00:00
L10422,B0266,BR332,PERSONAL_LOAN,1000000,10.5,24,2025-05-31,ACTIVE,UNSECURED,2026-01-01 08:00:00
L10423,B0405,BR381,VEHICLE_LOAN,250000,8.5,36,2025-02-03,ACTIVE,UNSECURED,2026-01-01 08:00:00
L10424,B0062,BR394,HOME_LOAN,500000,8.5,60,2025-03-02,ACTIVE,MORTGAGE,2026-01-01 08:00:00
L10425,B0341,BR485,EDUCATION_LOAN,500000,10.5,12,2025-06-06,ACTIVE,UNSECURED,2026-01-01 08:00:00
L10426,B0277,BR081,VEHICLE_LOAN,1500000,8.5,60,2025-06-03,ACTIVE,UNSECURED,2026-01-01 08:00:00
L10427,B0428,BR340,EDUCATION_LOAN,1000000,12.0,12,2025-02-21,ACTIVE,UNSECURED,2026-01-01 08:00:00
L10428,B0180,BR315,HOME_LOAN,250000,8.5,12,2025-05-24,ACTIVE,MORTGAGE,2026-01-01 08:00:00
L10429,B0240,BR224,VEHICLE_LOAN,1000000,10.5,60,2025-03-10,ACTIVE,UNSECURED,2026-01-01 08:00:00
L10430,B0061,BR447,HOME_LOAN,1000000,12.0,12,2025-02-27,ACTIVE,MORTGAGE,2026-01-01 08:00:00
L10431,B0223,BR296,EDUCATION_LOAN,500000,10.5,24,2025-04-13,ACTIVE,UNSECURED,2026-01-01 08:00:00
L10432,B0230,BR460,PERSONAL_LOAN,1500000,9.0,24,2025-04-17,ACTIVE,UNSECURED,2026-01-01 08:00:00
L10433,B0451,BR172,EDUCATION_LOAN,1500000,10.5,12,2025-06-18,ACTIVE,UNSECURED,2026-01-01 08:00:00
L10434,B0466,BR116,PERSONAL_LOAN,1000000,12.0,36,2025-03-14,ACTIVE,UNSECURED,2026-01-01 08:00:00
L10435,B0012,BR197,EDUCATION_LOAN,1500000,10.5,60,2025-05-13,ACTIVE,UNSECURED,2026-01-01 08:00:00
L10436,B0195,BR393,PERSONAL_LOAN,1500000,9.0,36,2025-01-29,ACTIVE,UNSECURED,2026-01-01 08:00:00
L10437,B0357,BR237,HOME_LOAN,250000,12.0,60,2025-06-06,ACTIVE,MORTGAGE,2026-01-01 08:00:00
L10438,B0179,BR336,VEHICLE_LOAN,250000,10.5,36,2025-06-29,ACTIVE,UNSECURED,2026-01-01 08:00:00
L10439,B0242,BR236,PERSONAL_LOAN,1000000,9.0,24,2025-04-19,ACTIVE,UNSECURED,2026-01-01 08:00:00
L10440,B0075,BR424,PERSONAL_LOAN,250000,10.5,36,2025-01-22,ACTIVE,UNSECURED,2026-01-01 08:00:00
L10441,B0294,BR494,HOME_LOAN,500000,10.5,12,2025-05-11,ACTIVE,MORTGAGE,2026-01-01 08:00:00
L10442,B0318,BR348,HOME_LOAN,1500000,9.0,12,2025-06-23,ACTIVE,MORTGAGE,2026-01-01 08:00:00
L10443,B0497,BR062,EDUCATION_LOAN,250000,10.5,36,2025-02-21,ACTIVE,UNSECURED,2026-01-01 08:00:00
L10444,B0424,BR062,EDUCATION_LOAN,1500000,9.0,60,2025-06-15,ACTIVE,UNSECURED,2026-01-01 08:00:00
L10445,B0444,BR395,VEHICLE_LOAN,500000,12.0,12,2025-03-02,ACTIVE,UNSECURED,2026-01-01 08:00:00
L10446,B0271,BR183,HOME_LOAN,1500000,10.5,12,2025-03-12,ACTIVE,MORTGAGE,2026-01-01 08:00:00
L10447,B0348,BR344,VEHICLE_LOAN,1000000,10.5,60,2025-06-15,ACTIVE,UNSECURED,2026-01-01 08:00:00
L10448,B0454,BR118,VEHICLE_LOAN,250000,9.0,24,2025-02-20,ACTIVE,UNSECURED,2026-01-01 08:00:00
L10449,B0122,BR280,EDUCATION_LOAN,250000,10.5,24,2025-06-12,ACTIVE,UNSECURED,2026-01-01 08:00:00
L10450,B0048,BR065,HOME_LOAN,1500000,8.5,36,2025-06-29,ACTIVE,MORTGAGE,2026-01-01 08:00:00
L10451,B0158,BR346,HOME_LOAN,1500000,10.5,36,2025-04-01,ACTIVE,MORTGAGE,2026-01-01 08:00:00
L10452,B0176,BR227,EDUCATION_LOAN,1500000,8.5,24,2025-04-02,ACTIVE,UNSECURED,2026-01-01 08:00:00
L10453,B0407,BR010,PERSONAL_LOAN,500000,8.5,60,2025-05-11,ACTIVE,UNSECURED,2026-01-01 08:00:00
L10454,B0368,BR326,VEHICLE_LOAN,250000,10.5,36,2025-06-15,ACTIVE,UNSECURED,2026-01-01 08:00:00
L10455,B0357,BR214,HOME_LOAN,250000,12.0,36,2025-04-19,ACTIVE,MORTGAGE,2026-01-01 08:00:00
L10456,B0087,BR102,HOME_LOAN,500000,8.5,36,2025-06-06,ACTIVE,MORTGAGE,2026-01-01 08:00:00
L10457,B0406,BR306,PERSONAL_LOAN,1000000,10.5,24,2025-04-13,ACTIVE,UNSECURED,2026-01-01 08:00:00
L10458,B0128,BR157,PERSONAL_LOAN,250000,8.5,24,2025-06-01,ACTIVE,UNSECURED,2026-01-01 08:00:00
L10459,B0465,BR089,VEHICLE_LOAN,1000000,8.5,36,2025-05-20,ACTIVE,UNSECURED,2026-01-01 08:00:00
L10460,B0106,BR175,EDUCATION_LOAN,500000,9.0,60,2025-06-18,ACTIVE,UNSECURED,2026-01-01 08:00:00
L10461,B0159,BR393,EDUCATION_LOAN,500000,9.0,36,2025-02-13,ACTIVE,UNSECURED,2026-01-01 08:00:00
L10462,B0053,BR455,HOME_LOAN,1500000,12.0,24,2025-04-06,ACTIVE,MORTGAGE,2026-01-01 08:00:00
L10463,B0450,BR185,VEHICLE_LOAN,250000,10.5,12,2025-03-23,ACTIVE,UNSECURED,2026-01-01 08:00:00
L10464,B0327,BR260,VEHICLE_LOAN,1500000,10.5,12,2025-01-23,ACTIVE,UNSECURED,2026-01-01 08:00:00
L10465,B0240,BR264,EDUCATION_LOAN,250000,12.0,24,2025-06-14,ACTIVE,UNSECURED,2026-01-01 08:00:00
L10466,B0496,BR367,EDUCATION_LOAN,500000,10.5,24,2025-01-30,ACTIVE,UNSECURED,2026-01-01 08:00:00
L10467,B0321,BR221,EDUCATION_LOAN,250000,9.0,24,2025-02-19,ACTIVE,UNSECURED,2026-01-01 08:00:00
L10468,B0175,BR237,HOME_LOAN,250000,8.5,12,2025-05-29,ACTIVE,MORTGAGE,2026-01-01 08:00:00
L10469,B0064,BR014,EDUCATION_LOAN,1000000,10.5,60,2025-03-23,ACTIVE,UNSECURED,2026-01-01 08:00:00
L10470,B0431,BR233,PERSONAL_LOAN,250000,8.5,36,2025-05-29,ACTIVE,UNSECURED,2026-01-01 08:00:00
L10471,B0493,BR166,PERSONAL_LOAN,500000,10.5,24,2025-01-18,ACTIVE,UNSECURED,2026-01-01 08:00:00
L10472,B0068,BR357,VEHICLE_LOAN,500000,9.0,24,2025-05-15,ACTIVE,UNSECURED,2026-01-01 08:00:00
L10473,B0451,BR322,VEHICLE_LOAN,1500000,12.0,12,2025-04-01,ACTIVE,UNSECURED,2026-01-01 08:00:00
L10474,B0268,BR390,EDUCATION_LOAN,500000,9.0,24,2025-06-30,ACTIVE,UNSECURED,2026-01-01 08:00:00
L10475,B0089,BR383,EDUCATION_LOAN,250000,9.0,24,2025-03-29,ACTIVE,UNSECURED,2026-01-01 08:00:00
L10476,B0113,BR264,HOME_LOAN,1500000,10.5,24,2025-04-03,ACTIVE,MORTGAGE,2026-01-01 08:00:00
L10477,B0320,BR302,HOME_LOAN,250000,9.0,12,2025-06-01,ACTIVE,MORTGAGE,2026-01-01 08:00:00
L10478,B0342,BR201,HOME_LOAN,500000,10.5,12,2025-06-16,ACTIVE,MORTGAGE,2026-01-01 08:00:00
L10479,B0130,BR125,PERSONAL_LOAN,1500000,12.0,60,2025-03-30,ACTIVE,UNSECURED,2026-01-01 08:00:00
L10480,B0272,BR017,VEHICLE_LOAN,1000000,10.5,24,2025-02-01,ACTIVE,UNSECURED,2026-01-01 08:00:00
L10481,B0385,BR259,EDUCATION_LOAN,500000,12.0,60,2025-03-31,ACTIVE,UNSECURED,2026-01-01 08:00:00
L10482,B0165,BR063,EDUCATION_LOAN,500000,9.0,24,2025-01-24,ACTIVE,UNSECURED,2026-01-01 08:00:00
L10483,B0413,BR070,HOME_LOAN,250000,9.0,12,2025-05-09,ACTIVE,MORTGAGE,2026-01-01 08:00:00
L10484,B0477,BR154,HOME_LOAN,1500000,9.0,60,2025-05-03,ACTIVE,MORTGAGE,2026-01-01 08:00:00
L10485,B0104,BR107,HOME_LOAN,250000,12.0,12,2025-04-07,ACTIVE,MORTGAGE,2026-01-01 08:00:00
L10486,B0181,BR492,VEHICLE_LOAN,1500000,10.5,12,2025-04-17,ACTIVE,UNSECURED,2026-01-01 08:00:00
L10487,B0373,BR241,VEHICLE_LOAN,1500000,10.5,12,2025-03-04,ACTIVE,UNSECURED,2026-01-01 08:00:00
L10488,B0196,BR163,EDUCATION_LOAN,250000,10.5,24,2025-02-01,ACTIVE,UNSECURED,2026-01-01 08:00:00
L10489,B0161,BR147,PERSONAL_LOAN,1000000,12.0,24,2025-06-22,ACTIVE,UNSECURED,2026-01-01 08:00:00
L10490,B0262,BR417,VEHICLE_LOAN,500000,12.0,60,2025-02-04,ACTIVE,UNSECURED,2026-01-01 08:00:00
L10491,B0427,BR479,VEHICLE_LOAN,1000000,8.5,60,2025-01-24,ACTIVE,UNSECURED,2026-01-01 08:00:00
L10492,B0439,BR061,EDUCATION_LOAN,250000,8.5,12,2025-02-11,ACTIVE,UNSECURED,2026-01-01 08:00:00
L10493,B0372,BR362,VEHICLE_LOAN,250000,12.0,12,2025-01-15,ACTIVE,UNSECURED,2026-01-01 08:00:00
L10494,B0422,BR147,HOME_LOAN,500000,9.0,36,2025-04-01,ACTIVE,MORTGAGE,2026-01-01 08:00:00
L10495,B0426,BR042,PERSONAL_LOAN,250000,10.5,12,2025-05-08,ACTIVE,UNSECURED,2026-01-01 08:00:00
L10496,B0145,BR353,PERSONAL_LOAN,250000,9.0,60,2025-02-01,ACTIVE,UNSECURED,2026-01-01 08:00:00
L10497,B0097,BR433,HOME_LOAN,1000000,8.5,60,2025-06-28,ACTIVE,MORTGAGE,2026-01-01 08:00:00
L10498,B0156,BR047,EDUCATION_LOAN,500000,8.5,60,2025-01-05,ACTIVE,UNSECURED,2026-01-01 08:00:00
L10499,B0352,BR476,VEHICLE_LOAN,250000,10.5,12,2025-01-16,ACTIVE,UNSECURED,2026-01-01 08:00:00
L10500,B0442,BR095,EDUCATION_LOAN,250000,10.5,12,2025-02-16,ACTIVE,UNSECURED,2026-01-01 08:00:00
