TXN_ID,TXN_LINE_ID,TXN_DATE,LOAN_ID,BORROWER_ID,BRANCH_ID,TXN_TYPE,AMOUNT,INTEREST_COMPONENT,FEE_COMPONENT,PAYMENT_MODE,TXN_STATUS
T90001,1,2025-04-14,L10001,B0015,BR306,DISBURSEMENT,500000,0.0,0.0,NEFT,SUCCESS
T90002,1,2025-07-10,L10002,B0213,BR199,DISBURSEMENT,1500000,0.0,0.0,UPI,SUCCESS
T90003,1,2025-05-26,L10003,B0033,BR130,DISBURSEMENT,250000,0.0,0.0,IMPS,SUCCESS
T90004,1,2025-04-14,L10004,B0024,BR247,DISBURSEMENT,250000,0.0,0.0,CARD,SUCCESS
T90005,1,2025-06-24,L10005,B0406,BR103,DISBURSEMENT,500000,0.0,0.0,IMPS,SUCCESS
T90006,1,2025-11-12,L10006,B0461,BR093,DISBURSEMENT,1500000,0.0,0.0,CARD,SUCCESS
T90007,1,2025-08-18,L10007,B0383,BR131,DISBURSEMENT,1000000,0.0,0.0,NEFT,SUCCESS
T90008,1,2025-07-24,L10008,B0199,BR413,DISBURSEMENT,1500000,0.0,0.0,CARD,SUCCESS
T90009,1,2025-06-13,L10009,B0412,BR451,DISBURSEMENT,500000,0.0,0.0,UPI,SUCCESS
T90010,1,2025-08-18,L10010,B0315,BR085,DISBURSEMENT,250000,0.0,0.0,UPI,SUCCESS
T90011,1,2025-05-20,L10011,B0168,BR495,DISBURSEMENT,1000000,0.0,0.0,IMPS,SUCCESS
T90012,1,2025-08-13,L10012,B0496,BR079,DISBURSEMENT,1500000,0.0,0.0,CARD,SUCCESS
T90013,1,2025-05-12,L10013,B0115,BR003,DISBURSEMENT,1500000,0.0,0.0,UPI,SUCCESS
T90014,1,2025-10-25,L10014,B0495,BR248,DISBURSEMENT,1000000,0.0,0.0,UPI,SUCCESS
T90015,1,2025-08-08,L10015,B0125,BR304,DISBURSEMENT,250000,0.0,0.0,UPI,SUCCESS
T90016,1,2025-04-14,L10016,B0123,BR490,DISBURSEMENT,1500000,0.0,0.0,NEFT,SUCCESS
T90017,1,2025-06-12,L10017,B0156,BR366,DISBURSEMENT,250000,0.0,0.0,NEFT,SUCCESS
T90018,1,2025-04-27,L10018,B0191,BR110,DISBURSEMENT,250000,0.0,0.0,NEFT,SUCCESS
T90019,1,2025-11-02,L10019,B0357,BR183,DISBURSEMENT,500000,0.0,0.0,IMPS,SUCCESS
T90020,1,2025-05-24,L10020,B0170,BR448,DISBURSEMENT,1000000,0.0,0.0,NEFT,SUCCESS
T90021,1,2025-06-14,L10021,B0215,BR076,DISBURSEMENT,500000,0.0,0.0,NEFT,SUCCESS
T90022,1,2025-05-01,L10022,B0306,BR159,DISBURSEMENT,1500000,0.0,0.0,UPI,SUCCESS
T90023,1,2025-06-07,L10023,B0010,BR257,DISBURSEMENT,1500000,0.0,0.0,NEFT,SUCCESS
T90024,1,2025-07-08,L10024,B0238,BR113,DISBURSEMENT,500000,0.0,0.0,UPI,SUCCESS
T90025,1,2025-11-08,L10025,B0457,BR330,DISBURSEMENT,1000000,0.0,0.0,NEFT,SUCCESS
T90026,1,2025-02-17,L10026,B0391,BR285,DISBURSEMENT,1500000,0.0,0.0,UPI,SUCCESS
T90027,1,2025-11-19,L10027,B0068,BR157,DISBURSEMENT,1500000,0.0,0.0,CARD,SUCCESS
T90028,1,2025-10-14,L10028,B0391,BR082,DISBURSEMENT,250000,0.0,0.0,UPI,SUCCESS
T90029,1,2025-10-21,L10029,B0115,BR207,DISBURSEMENT,1000000,0.0,0.0,UPI,SUCCESS
T90030,1,2025-07-18,L10030,B0259,BR241,DISBURSEMENT,1500000,0.0,0.0,UPI,SUCCESS
T90031,1,2025-08-08,L10031,B0283,BR491,DISBURSEMENT,1500000,0.0,0.0,UPI,SUCCESS
T90032,1,2025-10-06,L10032,B0268,BR484,DISBURSEMENT,500000,0.0,0.0,IMPS,SUCCESS
T90033,1,2025-08-17,L10033,B0281,BR080,DISBURSEMENT,1000000,0.0,0.0,NEFT,SUCCESS
T90034,1,2025-10-19,L10034,B0417,BR261,DISBURSEMENT,1000000,0.0,0.0,IMPS,SUCCESS
T90035,1,2025-07-22,L10035,B0136,BR147,DISBURSEMENT,1000000,0.0,0.0,CARD,SUCCESS
T90036,1,2025-05-28,L10036,B0272,BR058,DISBURSEMENT,250000,0.0,0.0,CARD,SUCCESS
T90037,1,2025-04-23,L10037,B0446,BR189,DISBURSEMENT,500000,0.0,0.0,CARD,SUCCESS
T90038,1,2025-10-06,L10038,B0494,BR126,DISBURSEMENT,500000,0.0,0.0,IMPS,SUCCESS
T90039,1,2025-11-07,L10039,B0376,BR477,DISBURSEMENT,500000,0.0,0.0,UPI,SUCCESS
T90040,1,2025-06-21,L10040,B0149,BR220,DISBURSEMENT,1000000,0.0,0.0,CARD,SUCCESS
T90041,1,2025-03-19,L10041,B0124,BR453,DISBURSEMENT,250000,0.0,0.0,IMPS,SUCCESS
T90042,1,2025-04-26,L10042,B0480,BR414,DISBURSEMENT,1500000,0.0,0.0,IMPS,SUCCESS
T90043,1,2025-06-19,L10043,B0107,BR131,DISBURSEMENT,500000,0.0,0.0,CARD,SUCCESS
T90044,1,2025-08-09,L10044,B0244,BR302,DISBURSEMENT,1500000,0.0,0.0,NEFT,SUCCESS
T90045,1,2025-05-29,L10045,B0002,BR151,DISBURSEMENT,1500000,0.0,0.0,UPI,SUCCESS
T90046,1,2025-09-07,L10046,B0436,BR173,DISBURSEMENT,250000,0.0,0.0,UPI,SUCCESS
T90047,1,2025-08-08,L10047,B0358,BR064,DISBURSEMENT,1500000,0.0,0.0,CARD,SUCCESS
T90048,1,2025-06-30,L10048,B0239,BR467,DISBURSEMENT,250000,0.0,0.0,NEFT,SUCCESS
T90049,1,2025-05-24,L10049,B0052,BR458,DISBURSEMENT,1500000,0.0,0.0,IMPS,SUCCESS
T90050,1,2025-05-19,L10050,B0288,BR285,DISBURSEMENT,250000,0.0,0.0,IMPS,SUCCESS
T90051,1,2025-07-18,L10051,B0289,BR028,DISBURSEMENT,500000,0.0,0.0,NEFT,SUCCESS
T90052,1,2025-10-10,L10052,B0421,BR007,DISBURSEMENT,250000,0.0,0.0,IMPS,SUCCESS
T90053,1,2025-03-15,L10053,B0360,BR410,DISBURSEMENT,500000,0.0,0.0,IMPS,SUCCESS
T90054,1,2025-10-15,L10054,B0166,BR274,DISBURSEMENT,250000,0.0,0.0,IMPS,SUCCESS
T90055,1,2025-10-10,L10055,B0199,BR106,DISBURSEMENT,1500000,0.0,0.0,CARD,SUCCESS
T90056,1,2025-07-12,L10056,B0071,BR085,DISBURSEMENT,500000,0.0,0.0,UPI,SUCCESS
T90057,1,2025-05-26,L10057,B0176,BR009,DISBURSEMENT,500000,0.0,0.0,UPI,SUCCESS
T90058,1,2025-06-23,L10058,B0398,BR182,DISBURSEMENT,500000,0.0,0.0,CARD,SUCCESS
T90059,1,2025-09-23,L10059,B0424,BR118,DISBURSEMENT,1000000,0.0,0.0,NEFT,SUCCESS
T90060,1,2025-05-05,L10060,B0047,BR190,DISBURSEMENT,500000,0.0,0.0,IMPS,SUCCESS
T90061,1,2025-06-28,L10061,B0287,BR304,DISBURSEMENT,1500000,0.0,0.0,NEFT,SUCCESS
T90062,1,2025-10-04,L10062,B0229,BR090,DISBURSEMENT,1500000,0.0,0.0,IMPS,SUCCESS
T90063,1,2025-08-31,L10063,B0459,BR112,DISBURSEMENT,500000,0.0,0.0,IMPS,SUCCESS
T90064,1,2025-06-14,L10064,B0246,BR027,DISBURSEMENT,1500000,0.0,0.0,IMPS,SUCCESS
T90065,1,2025-08-02,L10065,B0271,BR125,DISBURSEMENT,1500000,0.0,0.0,CARD,SUCCESS
T90066,1,2025-08-11,L10066,B0045,BR297,DISBURSEMENT,1500000,0.0,0.0,IMPS,SUCCESS
T90067,1,2025-09-28,L10067,B0464,BR473,DISBURSEMENT,1000000,0.0,0.0,IMPS,SUCCESS
T90068,1,2025-06-05,L10068,B0299,BR396,DISBURSEMENT,1000000,0.0,0.0,UPI,SUCCESS
T90069,1,2025-08-09,L10069,B0449,BR372,DISBURSEMENT,1000000,0.0,0.0,UPI,SUCCESS
T90070,1,2025-10-12,L10070,B0286,BR238,DISBURSEMENT,500000,0.0,0.0,IMPS,SUCCESS
T90071,1,2025-07-14,L10071,B0376,BR253,DISBURSEMENT,1000000,0.0,0.0,NEFT,SUCCESS
T90072,1,2025-06-03,L10072,B0328,BR371,DISBURSEMENT,250000,0.0,0.0,UPI,SUCCESS
T90073,1,2025-05-14,L10073,B0435,BR370,DISBURSEMENT,1000000,0.0,0.0,NEFT,SUCCESS
T90074,1,2025-09-16,L10074,B0315,BR127,DISBURSEMENT,1000000,0.0,0.0,IMPS,SUCCESS
T90075,1,2025-05-27,L10075,B0216,BR328,DISBURSEMENT,1500000,0.0,0.0,NEFT,SUCCESS
T90076,1,2025-09-27,L10076,B0151,BR196,DISBURSEMENT,1000000,0.0,0.0,UPI,SUCCESS
T90077,1,2025-06-11,L10077,B0093,BR319,DISBURSEMENT,500000,0.0,0.0,UPI,SUCCESS
T90078,1,2025-07-11,L10078,B0041,BR372,DISBURSEMENT,1000000,0.0,0.0,CARD,SUCCESS
T90079,1,2025-06-07,L10079,B0026,BR074,DISBURSEMENT,1000000,0.0,0.0,NEFT,SUCCESS
T90080,1,2025-02-23,L10080,B0225,BR302,DISBURSEMENT,1000000,0.0,0.0,NEFT,SUCCESS
T90081,1,2025-11-03,L10081,B0133,BR363,DISBURSEMENT,1000000,0.0,0.0,IMPS,SUCCESS
T90082,1,2025-08-17,L10082,B0158,BR189,DISBURSEMENT,1500000,0.0,0.0,IMPS,SUCCESS
T90083,1,2025-08-25,L10083,B0134,BR396,DISBURSEMENT,250000,0.0,0.0,NEFT,SUCCESS
T90084,1,2025-08-21,L10084,B0195,BR131,DISBURSEMENT,1000000,0.0,0.0,UPI,SUCCESS
T90085,1,2025-06-22,L10085,B0323,BR414,DISBURSEMENT,1500000,0.0,0.0,NEFT,SUCCESS
T90086,1,2025-03-11,L10086,B0263,BR469,DISBURSEMENT,250000,0.0,0.0,UPI,SUCCESS
T90087,1,2025-06-16,L10087,B0373,BR118,DISBURSEMENT,500000,0.0,0.0,NEFT,SUCCESS
T90088,1,2025-10-05,L10088,B0208,BR353,DISBURSEMENT,1000000,0.0,0.0,NEFT,SUCCESS
T90089,1,2025-03-26,L10089,B0010,BR202,DISBURSEMENT,1000000,0.0,0.0,NEFT,SUCCESS
T90090,1,2025-08-03,L10090,B0010,BR484,DISBURSEMENT,1500000,0.0,0.0,CARD,SUCCESS
T90091,1,2025-08-19,L10091,B0240,BR247,DISBURSEMENT,500000,0.0,0.0,IMPS,SUCCESS
T90092,1,2025-06-02,L10092,B0024,BR362,DISBURSEMENT,1000000,0.0,0.0,NEFT,SUCCESS
T90093,1,2025-09-07,L10093,B0154,BR007,DISBURSEMENT,1000000,0.0,0.0,IMPS,SUCCESS
T90094,1,2025-04-24,L10094,B0376,BR296,DISBURSEMENT,500000,0.0,0.0,UPI,SUCCESS
T90095,1,2025-06-07,L10095,B0350,BR263,DISBURSEMENT,500000,0.0,0.0,IMPS,SUCCESS
T90096,1,2025-04-19,L10096,B0116,BR097,DISBURSEMENT,1500000,0.0,0.0,CARD,SUCCESS
T90097,1,2025-05-31,L10097,B0195,BR022,DISBURSEMENT,1000000,0.0,0.0,CARD,SUCCESS
T90098,1,2025-11-12,L10098,B0102,BR234,DISBURSEMENT,1000000,0.0,0.0,CARD,SUCCESS
T90099,1,2025-03-23,L10099,B0434,BR193,DISBURSEMENT,1000000,0.0,0.0,UPI,SUCCESS
T90100,1,2025-02-22,L10100,B0151,BR396,DISBURSEMENT,250000,0.0,0.0,IMPS,SUCCESS
T90101,1,2025-06-13,L10101,B0148,BR160,EMI_PAYMENT,19856,2436.87,250.96,CARD,SUCCESS
T90102,1,2025-06-23,L10102,B0309,BR169,EMI_PAYMENT,12601,3555.13,192.29,NEFT,SUCCESS
T90103,1,2025-03-11,L10103,B0332,BR473,EMI_PAYMENT,9298,2748.81,80.58,NEFT,SUCCESS
T90104,1,2025-04-08,L10104,B0035,BR357,EMI_PAYMENT,7439,832.23,456.88,IMPS,SUCCESS
T90105,1,2025-07-31,L10105,B0232,BR138,EMI_PAYMENT,21623,6414.48,194.3,IMPS,SUCCESS
T90106,1,2025-03-24,L10106,B0450,BR093,EMI_PAYMENT,13732,2042.82,141.62,NEFT,SUCCESS
T90107,1,2025-08-11,L10107,B0267,BR352,EMI_PAYMENT,16479,3127.14,427.86,UPI,SUCCESS
T90108,1,2025-08-20,L10108,B0270,BR017,EMI_PAYMENT,11807,3273.74,157.93,IMPS,SUCCESS
T90109,1,2025-09-20,L10109,B0113,BR310,EMI_PAYMENT,18464,2456.9,57.95,IMPS,SUCCESS
T90110,1,2025-07-02,L10110,B0050,BR071,EMI_PAYMENT,15673,3088.79,482.37,NEFT,SUCCESS
T90111,1,2025-01-24,L10111,B0091,BR050,EMI_PAYMENT,13390,1973.23,71.85,NEFT,SUCCESS
T90112,1,2025-05-19,L10112,B0121,BR296,EMI_PAYMENT,23165,7574.42,480.32,UPI,SUCCESS
T90113,1,2025-07-15,L10113,B0065,BR264,EMI_PAYMENT,5432,597.4,403.65,CARD,SUCCESS
T90114,1,2025-04-27,L10114,B0165,BR384,EMI_PAYMENT,8227,1929.64,467.04,IMPS,SUCCESS
T90115,1,2025-03-10,L10115,B0303,BR202,EMI_PAYMENT,24423,5175.91,431.02,CARD,SUCCESS
T90116,1,2025-09-16,L10116,B0228,BR197,EMI_PAYMENT,13356,4503.49,81.67,NEFT,SUCCESS
T90117,1,2025-07-08,L10117,B0453,BR232,EMI_PAYMENT,17005,5496.0,497.55,NEFT,SUCCESS
T90118,1,2025-04-23,L10118,B0185,BR056,EMI_PAYMENT,13573,3798.0,493.7,UPI,SUCCESS
T90119,1,2025-03-14,L10119,B0392,BR075,EMI_PAYMENT,17542,3215.63,338.32,IMPS,SUCCESS
T90120,1,2025-06-15,L10120,B0207,BR128,EMI_PAYMENT,23660,3106.16,306.06,NEFT,SUCCESS
T90121,1,2025-10-15,L10121,B0308,BR087,EMI_PAYMENT,14815,2810.34,299.08,UPI,SUCCESS
T90122,1,2025-06-20,L10122,B0084,BR456,EMI_PAYMENT,22149,4592.5,497.15,NEFT,SUCCESS
T90123,1,2025-09-06,L10123,B0465,BR410,EMI_PAYMENT,17795,4053.15,325.44,NEFT,SUCCESS
T90124,1,2025-09-27,L10124,B0293,BR366,EMI_PAYMENT,5162,783.28,437.66,CARD,SUCCESS
T90125,1,2025-06-03,L10125,B0021,BR341,EMI_PAYMENT,14316,1996.25,369.47,IMPS,SUCCESS
T90126,1,2025-03-06,L10126,B0144,BR309,EMI_PAYMENT,19923,4650.15,106.21,NEFT,SUCCESS
T90127,1,2025-08-16,L10127,B0300,BR264,EMI_PAYMENT,17517,4326.93,474.64,UPI,SUCCESS
T90128,1,2025-09-07,L10128,B0288,BR046,EMI_PAYMENT,19800,3921.09,482.96,UPI,SUCCESS
T90129,1,2025-04-06,L10129,B0354,BR499,EMI_PAYMENT,19383,2393.8,300.43,NEFT,SUCCESS
T90130,1,2025-01-26,L10130,B0289,BR155,EMI_PAYMENT,8005,1301.59,162.93,UPI,SUCCESS
T90131,1,2025-10-05,L10131,B0500,BR346,EMI_PAYMENT,21754,2639.0,346.43,CARD,SUCCESS
T90132,1,2025-07-27,L10132,B0022,BR037,EMI_PAYMENT,22635,6881.9,387.67,UPI,SUCCESS
T90133,1,2025-06-01,L10133,B0281,BR275,EMI_PAYMENT,5245,1722.12,340.04,UPI,SUCCESS
T90134,1,2025-07-29,L10134,B0492,BR159,EMI_PAYMENT,16515,4426.54,109.52,CARD,SUCCESS
T90135,1,2025-08-26,L10135,B0218,BR383,EMI_PAYMENT,10793,2571.5,493.87,IMPS,SUCCESS
T90136,1,2025-02-21,L10136,B0335,BR416,EMI_PAYMENT,10256,1440.45,483.68,UPI,SUCCESS
T90137,1,2025-07-24,L10137,B0091,BR177,EMI_PAYMENT,8892,2964.81,389.21,UPI,SUCCESS
T90138,1,2025-10-15,L10138,B0359,BR299,EMI_PAYMENT,22693,3402.11,117.08,IMPS,SUCCESS
T90139,1,2025-08-31,L10139,B0030,BR160,EMI_PAYMENT,21308,2470.78,466.67,IMPS,SUCCESS
T90140,1,2025-11-13,L10140,B0122,BR454,EMI_PAYMENT,19849,6838.91,106.34,IMPS,SUCCESS
T90141,1,2025-02-22,L10141,B0125,BR168,EMI_PAYMENT,24880,6228.89,297.64,CARD,SUCCESS
T90142,1,2025-06-06,L10142,B0452,BR091,EMI_PAYMENT,22762,4967.56,484.18,IMPS,SUCCESS
T90143,1,2025-06-26,L10143,B0111,BR177,EMI_PAYMENT,13357,3448.8,308.46,CARD,SUCCESS
T90144,1,2025-05-31,L10144,B0381,BR081,EMI_PAYMENT,17152,2397.23,420.93,UPI,SUCCESS
T90145,1,2025-10-08,L10145,B0326,BR204,EMI_PAYMENT,19051,4899.51,363.34,CARD,SUCCESS
T90146,1,2025-03-23,L10146,B0093,BR345,EMI_PAYMENT,7187,1304.82,221.8,CARD,SUCCESS
T90147,1,2025-03-12,L10147,B0317,BR106,EMI_PAYMENT,7051,2003.43,58.62,UPI,SUCCESS
T90148,1,2025-07-22,L10148,B0404,BR181,EMI_PAYMENT,16890,3878.64,327.31,IMPS,SUCCESS
T90149,1,2025-09-03,L10149,B0056,BR254,EMI_PAYMENT,19437,4128.35,183.71,CARD,SUCCESS
T90150,1,2025-08-04,L10150,B0177,BR303,EMI_PAYMENT,24052,3482.89,121.5,IMPS,SUCCESS
T90151,1,2025-10-21,L10151,B0062,BR150,EMI_PAYMENT,21952,6095.36,369.93,UPI,SUCCESS
T90152,1,2025-03-27,L10152,B0276,BR098,EMI_PAYMENT,18990,5144.33,302.67,IMPS,SUCCESS
T90153,1,2025-04-15,L10153,B0253,BR020,EMI_PAYMENT,19402,3944.08,97.91,IMPS,SUCCESS
T90154,1,2025-06-05,L10154,B0088,BR492,EMI_PAYMENT,17225,4335.28,193.12,IMPS,SUCCESS
T90155,1,2025-08-28,L10155,B0237,BR373,EMI_PAYMENT,9420,2655.98,101.5,CARD,SUCCESS
T90156,1,2025-03-17,L10156,B0316,BR483,EMI_PAYMENT,11640,3006.48,344.9,CARD,SUCCESS
T90157,1,2025-06-16,L10157,B0449,BR348,EMI_PAYMENT,14606,3255.24,209.24,CARD,SUCCESS
T90158,1,2025-04-19,L10158,B0473,BR195,EMI_PAYMENT,10415,3410.18,208.25,IMPS,SUCCESS
T90159,1,2025-05-14,L10159,B0439,BR428,EMI_PAYMENT,13666,3960.58,230.51,NEFT,SUCCESS
T90160,1,2025-03-08,L10160,B0029,BR246,EMI_PAYMENT,23271,6220.65,320.94,NEFT,SUCCESS
T90161,1,2025-11-22,L10161,B0120,BR045,EMI_PAYMENT,6067,1101.45,87.79,CARD,SUCCESS
T90162,1,2025-12-03,L10162,B0118,BR034,EMI_PAYMENT,10920,3390.9,492.71,IMPS,SUCCESS
T90163,1,2025-06-07,L10163,B0490,BR239,EMI_PAYMENT,22868,4226.35,370.63,IMPS,SUCCESS
T90164,1,2025-06-10,L10164,B0344,BR010,EMI_PAYMENT,7804,1957.76,284.66,NEFT,SUCCESS
T90165,1,2025-09-17,L10165,B0178,BR226,EMI_PAYMENT,16538,5237.38,495.24,CARD,SUCCESS
T90166,1,2025-02-07,L10166,B0291,BR293,EMI_PAYMENT,12284,2798.68,50.41,CARD,SUCCESS
T90167,1,2025-02-16,L10167,B0186,BR051,EMI_PAYMENT,16916,2662.89,497.44,NEFT,SUCCESS
T90168,1,2025-08-17,L10168,B0329,BR093,EMI_PAYMENT,19250,5134.21,50.47,NEFT,SUCCESS
T90169,1,2025-11-17,L10169,B0416,BR449,EMI_PAYMENT,20547,6639.53,437.6,IMPS,SUCCESS
T90170,1,2025-07-25,L10170,B0007,BR008,EMI_PAYMENT,23857,5563.61,401.3,NEFT,SUCCESS
T90171,1,2025-09-10,L10171,B0281,BR398,EMI_PAYMENT,5095,560.81,479.95,IMPS,SUCCESS
T90172,1,2025-11-25,L10172,B0446,BR236,EMI_PAYMENT,21750,6630.83,171.17,UPI,SUCCESS
T90173,1,2025-07-07,L10173,B0428,BR420,EMI_PAYMENT,15016,2272.02,379.45,UPI,SUCCESS
T90174,1,2025-08-07,L10174,B0305,BR093,EMI_PAYMENT,6287,1883.71,341.21,CARD,SUCCESS
T90175,1,2025-06-04,L10175,B0432,BR463,EMI_PAYMENT,11787,2726.22,63.29,IMPS,SUCCESS
T90176,1,2025-07-25,L10176,B0388,BR340,EMI_PAYMENT,21690,6810.71,216.98,NEFT,SUCCESS
T90177,1,2025-04-21,L10177,B0005,BR070,EMI_PAYMENT,17244,4224.77,126.85,UPI,SUCCESS
T90178,1,2025-03-19,L10178,B0265,BR060,EMI_PAYMENT,7050,1114.48,294.67,IMPS,SUCCESS
T90179,1,2025-05-06,L10179,B0500,BR324,EMI_PAYMENT,23001,5586.84,315.0,IMPS,SUCCESS
T90180,1,2025-08-29,L10180,B0089,BR306,EMI_PAYMENT,19238,3392.56,157.64,IMPS,SUCCESS
T90181,1,2025-08-26,L10181,B0498,BR107,EMI_PAYMENT,18521,5001.27,87.19,UPI,SUCCESS
T90182,1,2025-05-31,L10182,B0250,BR079,EMI_PAYMENT,5626,767.66,487.95,CARD,SUCCESS
T90183,1,2025-08-07,L10183,B0320,BR180,EMI_PAYMENT,22527,3486.09,298.23,NEFT,SUCCESS
T90184,1,2025-07-11,L10184,B0371,BR346,EMI_PAYMENT,17251,3549.46,208.0,CARD,SUCCESS
T90185,1,2025-08-27,L10185,B0349,BR235,EMI_PAYMENT,6603,1704.03,225.81,NEFT,SUCCESS
T90186,1,2025-08-15,L10186,B0376,BR469,EMI_PAYMENT,19080,6391.47,470.45,IMPS,SUCCESS
T90187,1,2025-04-25,L10187,B0346,BR447,EMI_PAYMENT,16334,3721.45,233.55,IMPS,SUCCESS
T90188,1,2025-05-27,L10188,B0287,BR091,EMI_PAYMENT,20535,3528.1,437.87,NEFT,SUCCESS
T90189,1,2025-04-20,L10189,B0037,BR092,EMI_PAYMENT,22901,7679.16,131.15,UPI,SUCCESS
T90190,1,2025-03-04,L10190,B0311,BR093,EMI_PAYMENT,19497,3219.25,280.25,IMPS,SUCCESS
T90191,1,2025-05-21,L10191,B0290,BR476,EMI_PAYMENT,9894,1606.89,159.11,UPI,SUCCESS
T90192,1,2025-10-04,L10192,B0290,BR305,EMI_PAYMENT,8146,1546.37,123.58,NEFT,SUCCESS
T90193,1,2025-10-05,L10193,B0134,BR372,EMI_PAYMENT,8720,872.52,124.94,CARD,SUCCESS
T90194,1,2025-11-07,L10194,B0020,BR193,EMI_PAYMENT,5481,906.75,456.62,NEFT,SUCCESS
T90195,1,2025-10-08,L10195,B0423,BR354,EMI_PAYMENT,23219,6847.1,209.86,CARD,SUCCESS
T90196,1,2025-09-17,L10196,B0332,BR281,EMI_PAYMENT,9397,2701.67,224.94,NEFT,SUCCESS
T90197,1,2025-06-20,L10197,B0409,BR272,EMI_PAYMENT,19759,4487.71,57.59,UPI,SUCCESS
T90198,1,2025-04-15,L10198,B0067,BR357,EMI_PAYMENT,11247,1781.44,471.38,NEFT,SUCCESS
T90199,1,2025-06-08,L10199,B0347,BR291,EMI_PAYMENT,24123,5565.01,391.29,NEFT,SUCCESS
T90200,1,2025-06-01,L10200,B0122,BR009,EMI_PAYMENT,9204,2213.78,185.29,NEFT,SUCCESS
T90201,1,2025-04-13,L10201,B0254,BR415,EMI_PAYMENT,20483,2906.43,217.32,CARD,SUCCESS
T90202,1,2025-08-29,L10202,B0211,BR401,EMI_PAYMENT,23166,2696.01,130.86,IMPS,SUCCESS
T90203,1,2025-09-17,L10203,B0048,BR105,EMI_PAYMENT,7493,2508.92,191.83,IMPS,SUCCESS
T90204,1,2025-02-16,L10204,B0449,BR101,EMI_PAYMENT,21460,6202.15,397.28,IMPS,SUCCESS
T90205,1,2025-08-05,L10205,B0333,BR476,EMI_PAYMENT,5777,1829.4,403.77,NEFT,SUCCESS
T90206,1,2025-05-31,L10206,B0387,BR429,EMI_PAYMENT,24382,7108.82,349.86,UPI,SUCCESS
T90207,1,2025-09-28,L10207,B0245,BR363,EMI_PAYMENT,13276,2815.95,109.78,NEFT,SUCCESS
T90208,1,2025-08-12,L10208,B0387,BR201,EMI_PAYMENT,21754,4475.97,72.58,IMPS,SUCCESS
T90209,1,2025-07-15,L10209,B0464,BR293,EMI_PAYMENT,17591,2100.22,413.72,NEFT,SUCCESS
T90210,1,2025-06-24,L10210,B0212,BR195,EMI_PAYMENT,24142,6404.14,162.21,CARD,SUCCESS
T90211,1,2025-09-20,L10211,B0036,BR056,EMI_PAYMENT,15761,2385.96,155.56,CARD,SUCCESS
T90212,1,2025-03-04,L10212,B0271,BR042,EMI_PAYMENT,8202,2395.71,488.39,NEFT,SUCCESS
T90213,1,2025-03-04,L10213,B0054,BR357,EMI_PAYMENT,23873,5491.48,276.19,CARD,SUCCESS
T90214,1,2025-06-22,L10214,B0339,BR212,EMI_PAYMENT,19951,6028.31,103.14,UPI,SUCCESS
T90215,1,2025-04-13,L10215,B0398,BR456,EMI_PAYMENT,19245,4529.66,50.68,IMPS,SUCCESS
T90216,1,2025-02-21,L10216,B0031,BR344,EMI_PAYMENT,6139,1821.32,154.88,CARD,SUCCESS
T90217,1,2025-11-03,L10217,B0215,BR086,EMI_PAYMENT,22928,7611.02,468.27,UPI,SUCCESS
T90218,1,2025-07-20,L10218,B0352,BR214,EMI_PAYMENT,22866,4914.28,144.55,NEFT,SUCCESS
T90219,1,2025-04-03,L10219,B0449,BR364,EMI_PAYMENT,12518,1696.53,158.5,UPI,SUCCESS
T90220,1,2025-07-15,L10220,B0135,BR173,EMI_PAYMENT,23184,2652.31,480.38,CARD,SUCCESS
T90221,1,2025-06-03,L10221,B0069,BR148,EMI_PAYMENT,19279,2959.99,115.46,NEFT,SUCCESS
T90222,1,2025-05-21,L10222,B0477,BR009,EMI_PAYMENT,10536,1261.13,448.46,CARD,SUCCESS
T90223,1,2025-02-20,L10223,B0139,BR331,EMI_PAYMENT,7556,2552.71,81.59,IMPS,SUCCESS
T90224,1,2025-04-29,L10224,B0194,BR227,EMI_PAYMENT,15880,3917.57,233.36,CARD,SUCCESS
T90225,1,2025-07-09,L10225,B0095,BR357,EMI_PAYMENT,6102,2013.6,84.77,UPI,SUCCESS
T90226,1,2025-05-13,L10226,B0416,BR021,EMI_PAYMENT,5126,828.09,166.93,UPI,SUCCESS
T90227,1,2025-10-09,L10227,B0041,BR015,EMI_PAYMENT,13670,4322.96,155.02,IMPS,SUCCESS
T90228,1,2025-03-19,L10228,B0032,BR070,EMI_PAYMENT,13895,3402.61,321.21,IMPS,SUCCESS
T90229,1,2025-09-09,L10229,B0485,BR451,EMI_PAYMENT,16693,4075.28,142.7,UPI,SUCCESS
T90230,1,2025-06-10,L10230,B0059,BR120,EMI_PAYMENT,9399,1055.61,218.22,IMPS,SUCCESS
T90231,1,2025-06-28,L10231,B0360,BR212,EMI_PAYMENT,8904,1286.38,51.42,IMPS,SUCCESS
T90232,1,2025-07-20,L10232,B0273,BR402,EMI_PAYMENT,9361,2583.29,86.18,NEFT,SUCCESS
T90233,1,2025-08-14,L10233,B0420,BR410,EMI_PAYMENT,5146,1537.6,449.24,UPI,SUCCESS
T90234,1,2025-05-12,L10234,B0307,BR250,EMI_PAYMENT,14797,3944.1,302.92,UPI,SUCCESS
T90235,1,2025-06-25,L10235,B0257,BR283,EMI_PAYMENT,5659,1921.69,169.25,NEFT,SUCCESS
T90236,1,2025-11-08,L10236,B0308,BR067,EMI_PAYMENT,6401,1661.14,255.52,UPI,SUCCESS
T90237,1,2025-05-17,L10237,B0240,BR099,EMI_PAYMENT,22160,7460.61,283.6,CARD,SUCCESS
T90238,1,2025-08-13,L10238,B0300,BR260,EMI_PAYMENT,17036,4199.83,356.01,UPI,SUCCESS
T90239,1,2025-04-23,L10239,B0349,BR081,EMI_PAYMENT,12310,1829.7,452.26,UPI,SUCCESS
T90240,1,2025-07-09,L10240,B0381,BR161,EMI_PAYMENT,5152,1129.27,78.71,CARD,SUCCESS
T90241,1,2025-02-08,L10241,B0130,BR203,EMI_PAYMENT,9082,2947.14,139.5,UPI,SUCCESS
T90242,1,2025-06-27,L10242,B0223,BR057,EMI_PAYMENT,15974,2368.48,159.15,IMPS,SUCCESS
T90243,1,2025-06-21,L10243,B0313,BR047,EMI_PAYMENT,6445,1307.72,251.84,UPI,SUCCESS
T90244,1,2025-05-01,L10244,B0218,BR453,EMI_PAYMENT,19230,4791.06,465.38,UPI,SUCCESS
T90245,1,2025-10-21,L10245,B0280,BR341,EMI_PAYMENT,10260,2358.26,494.77,UPI,SUCCESS
T90246,1,2025-07-18,L10246,B0010,BR251,EMI_PAYMENT,15364,2168.77,251.96,NEFT,SUCCESS
T90247,1,2025-10-30,L10247,B0274,BR332,EMI_PAYMENT,20958,2292.83,438.88,NEFT,SUCCESS
T90248,1,2025-06-25,L10248,B0144,BR376,EMI_PAYMENT,7814,2378.45,68.19,IMPS,SUCCESS
T90249,1,2025-07-14,L10249,B0467,BR467,EMI_PAYMENT,7448,1120.6,350.82,NEFT,SUCCESS
T90250,1,2025-05-06,L10250,B0151,BR381,EMI_PAYMENT,10517,1940.52,404.74,CARD,SUCCESS
T90251,1,2025-10-22,L10251,B0266,BR006,EMI_PAYMENT,7028,1119.39,302.57,NEFT,SUCCESS
T90252,1,2025-08-14,L10252,B0126,BR106,EMI_PAYMENT,12630,2028.98,122.9,IMPS,SUCCESS
T90253,1,2025-07-19,L10253,B0193,BR077,EMI_PAYMENT,22993,4321.21,159.6,NEFT,SUCCESS
T90254,1,2025-06-13,L10254,B0304,BR197,EMI_PAYMENT,14007,3203.84,175.91,IMPS,SUCCESS
T90255,1,2025-03-11,L10255,B0257,BR351,EMI_PAYMENT,15662,4690.64,268.96,CARD,SUCCESS
T90256,1,2025-12-05,L10256,B0140,BR373,EMI_PAYMENT,6956,1381.93,349.98,CARD,SUCCESS
T90257,1,2025-07-24,L10257,B0135,BR358,EMI_PAYMENT,7772,2628.18,325.81,IMPS,SUCCESS
T90258,1,2025-09-16,L10258,B0036,BR348,EMI_PAYMENT,10540,2122.81,335.86,CARD,SUCCESS
T90259,1,2025-08-24,L10259,B0382,BR142,EMI_PAYMENT,12534,3711.78,289.06,IMPS,SUCCESS
T90260,1,2025-06-24,L10260,B0007,BR116,EMI_PAYMENT,21690,6853.08,457.9,NEFT,SUCCESS
T90261,1,2025-04-26,L10261,B0448,BR398,EMI_PAYMENT,20220,4361.92,427.96,CARD,SUCCESS
T90262,1,2025-02-14,L10262,B0028,BR016,EMI_PAYMENT,6406,722.83,398.47,NEFT,SUCCESS
T90263,1,2025-03-22,L10263,B0065,BR455,EMI_PAYMENT,12387,3092.53,367.32,NEFT,SUCCESS
T90264,1,2025-02-19,L10264,B0263,BR198,EMI_PAYMENT,18739,3999.36,240.61,UPI,SUCCESS
T90265,1,2025-09-25,L10265,B0220,BR388,EMI_PAYMENT,14520,1845.27,468.14,NEFT,SUCCESS
T90266,1,2025-08-21,L10266,B0040,BR412,EMI_PAYMENT,20663,6160.74,435.05,UPI,SUCCESS
T90267,1,2025-04-23,L10267,B0406,BR243,EMI_PAYMENT,14007,4311.6,333.42,CARD,SUCCESS
T90268,1,2025-02-19,L10268,B0211,BR329,EMI_PAYMENT,20890,4133.72,334.23,CARD,SUCCESS
T90269,1,2025-08-11,L10269,B0389,BR189,EMI_PAYMENT,9650,3032.27,443.12,NEFT,SUCCESS
T90270,1,2025-02-22,L10270,B0006,BR377,EMI_PAYMENT,13936,3575.1,366.55,CARD,SUCCESS
T90271,1,2025-06-15,L10271,B0408,BR161,EMI_PAYMENT,6531,2278.58,213.28,NEFT,SUCCESS
T90272,1,2025-09-08,L10272,B0286,BR307,EMI_PAYMENT,12779,4166.66,453.34,NEFT,SUCCESS
T90273,1,2025-08-22,L10273,B0435,BR091,EMI_PAYMENT,20275,5566.77,412.35,NEFT,SUCCESS
T90274,1,2025-08-15,L10274,B0289,BR388,EMI_PAYMENT,24436,3164.35,216.91,CARD,SUCCESS
T90275,1,2025-03-16,L10275,B0337,BR127,EMI_PAYMENT,20309,2324.67,272.22,CARD,SUCCESS
T90276,1,2025-07-24,L10276,B0472,BR050,EMI_PAYMENT,12925,3453.82,53.21,UPI,SUCCESS
T90277,1,2025-06-29,L10277,B0189,BR140,EMI_PAYMENT,21920,7443.89,222.83,NEFT,SUCCESS
T90278,1,2025-06-16,L10278,B0395,BR232,EMI_PAYMENT,19830,3218.37,88.34,IMPS,SUCCESS
T90279,1,2025-07-17,L10279,B0011,BR223,EMI_PAYMENT,5757,1321.37,461.23,NEFT,SUCCESS
T90280,1,2025-06-03,L10280,B0071,BR149,EMI_PAYMENT,16594,2434.91,58.93,CARD,SUCCESS
T90281,1,2025-07-30,L10281,B0455,BR162,EMI_PAYMENT,14203,2150.01,386.51,IMPS,SUCCESS
T90282,1,2025-04-30,L10282,B0117,BR080,EMI_PAYMENT,11016,3763.36,181.07,CARD,SUCCESS
T90283,1,2025-07-27,L10283,B0156,BR042,EMI_PAYMENT,17469,4688.64,148.54,CARD,SUCCESS
T90284,1,2025-05-26,L10284,B0234,BR084,EMI_PAYMENT,17576,4222.73,169.32,UPI,SUCCESS
T90285,1,2025-06-28,L10285,B0350,BR020,EMI_PAYMENT,16373,4085.4,453.61,UPI,SUCCESS
T90286,1,2025-07-07,L10286,B0096,BR422,EMI_PAYMENT,8453,997.44,262.22,CARD,SUCCESS
T90287,1,2025-04-11,L10287,B0211,BR223,EMI_PAYMENT,12453,2235.76,271.01,IMPS,SUCCESS
T90288,1,2025-08-14,L10288,B0362,BR410,EMI_PAYMENT,6791,953.98,233.07,IMPS,SUCCESS
T90289,1,2025-04-20,L10289,B0350,BR453,EMI_PAYMENT,22689,5945.57,111.27,UPI,SUCCESS
T90290,1,2025-09-26,L10290,B0328,BR500,EMI_PAYMENT,5065,593.37,419.09,NEFT,SUCCESS
T90291,1,2025-07-09,L10291,B0148,BR432,EMI_PAYMENT,21489,5154.65,397.99,NEFT,SUCCESS
T90292,1,2025-05-02,L10292,B0158,BR346,EMI_PAYMENT,5352,1483.88,87.64,IMPS,SUCCESS
T90293,1,2025-07-22,L10293,B0058,BR314,EMI_PAYMENT,24714,2973.18,264.49,NEFT,SUCCESS
T90294,1,2025-08-26,L10294,B0168,BR498,EMI_PAYMENT,23310,4533.42,107.19,NEFT,SUCCESS
T90295,1,2025-10-27,L10295,B0350,BR465,EMI_PAYMENT,9842,2928.78,384.55,UPI,SUCCESS
T90296,1,2025-06-23,L10296,B0292,BR243,EMI_PAYMENT,14122,4045.74,226.46,CARD,SUCCESS
T90297,1,2025-07-07,L10297,B0186,BR366,EMI_PAYMENT,15520,2240.56,168.84,NEFT,SUCCESS
T90298,1,2025-11-25,L10298,B0355,BR101,EMI_PAYMENT,14321,2825.71,189.93,NEFT,SUCCESS
T90299,1,2025-07-07,L10299,B0174,BR268,EMI_PAYMENT,23722,7940.45,401.43,NEFT,SUCCESS
T90300,1,2025-04-13,L10300,B0323,BR412,EMI_PAYMENT,10582,2554.22,143.98,CARD,SUCCESS
T90301,1,2025-04-12,L10301,B0099,BR398,EMI_PAYMENT,17799,1875.31,377.81,UPI,SUCCESS
T90302,1,2025-06-09,L10302,B0432,BR035,EMI_PAYMENT,9685,2265.63,373.29,NEFT,SUCCESS
T90303,1,2025-06-20,L10303,B0373,BR488,EMI_PAYMENT,7716,1895.43,230.73,CARD,SUCCESS
T90304,1,2025-10-12,L10304,B0481,BR002,EMI_PAYMENT,9337,1594.43,351.34,CARD,SUCCESS
T90305,1,2025-11-03,L10305,B0041,BR064,EMI_PAYMENT,17962,2890.32,177.86,CARD,SUCCESS
T90306,1,2025-06-30,L10306,B0091,BR014,EMI_PAYMENT,21302,4529.41,125.79,NEFT,SUCCESS
T90307,1,2025-10-09,L10307,B0080,BR377,EMI_PAYMENT,20653,6541.34,56.87,NEFT,SUCCESS
T90308,1,2025-05-23,L10308,B0450,BR415,EMI_PAYMENT,22207,4532.16,51.18,NEFT,SUCCESS
T90309,1,2025-07-28,L10309,B0226,BR041,EMI_PAYMENT,21347,7431.11,341.53,IMPS,SUCCESS
T90310,1,2025-05-21,L10310,B0308,BR047,EMI_PAYMENT,22287,5013.54,461.48,NEFT,SUCCESS
T90311,1,2025-06-16,L10311,B0490,BR383,EMI_PAYMENT,14201,3058.27,416.9,CARD,SUCCESS
T90312,1,2025-05-15,L10312,B0409,BR409,EMI_PAYMENT,12594,2800.46,350.65,NEFT,SUCCESS
T90313,1,2025-08-02,L10313,B0180,BR284,EMI_PAYMENT,14226,1969.32,88.61,NEFT,SUCCESS
T90314,1,2025-09-18,L10314,B0483,BR338,EMI_PAYMENT,23886,4340.33,329.52,CARD,SUCCESS
T90315,1,2025-09-09,L10315,B0213,BR341,EMI_PAYMENT,21846,6549.6,368.29,NEFT,SUCCESS
T90316,1,2025-03-07,L10316,B0107,BR308,EMI_PAYMENT,18905,5210.88,467.65,UPI,SUCCESS
T90317,1,2025-09-05,L10317,B0026,BR343,EMI_PAYMENT,22995,7554.69,171.17,NEFT,SUCCESS
T90318,1,2025-08-28,L10318,B0384,BR482,EMI_PAYMENT,10695,3085.12,106.97,IMPS,SUCCESS
T90319,1,2025-08-11,L10319,B0399,BR439,EMI_PAYMENT,7888,1874.84,377.76,IMPS,SUCCESS
T90320,1,2025-07-22,L10320,B0426,BR309,EMI_PAYMENT,10090,2793.78,219.64,NEFT,SUCCESS
T90321,1,2025-08-13,L10321,B0009,BR286,EMI_PAYMENT,13780,4226.6,205.33,UPI,SUCCESS
T90322,1,2025-05-31,L10322,B0421,BR320,EMI_PAYMENT,24625,7730.07,122.67,IMPS,SUCCESS
T90323,1,2025-04-20,L10323,B0324,BR368,EMI_PAYMENT,7821,2201.72,407.62,IMPS,SUCCESS
T90324,1,2025-08-23,L10324,B0295,BR481,EMI_PAYMENT,14716,4300.74,103.31,UPI,SUCCESS
T90325,1,2025-09-18,L10325,B0373,BR247,EMI_PAYMENT,21500,7235.66,166.39,UPI,SUCCESS
T90326,1,2025-08-29,L10326,B0213,BR315,EMI_PAYMENT,17677,3499.47,223.69,CARD,SUCCESS
T90327,1,2025-08-15,L10327,B0399,BR155,EMI_PAYMENT,22816,5357.82,376.24,IMPS,SUCCESS
T90328,1,2025-06-07,L10328,B0329,BR388,EMI_PAYMENT,22062,2485.41,177.86,CARD,SUCCESS
T90329,1,2025-08-29,L10329,B0176,BR339,EMI_PAYMENT,8965,1387.52,161.34,CARD,SUCCESS
T90330,1,2025-10-19,L10330,B0417,BR457,EMI_PAYMENT,12947,4147.57,488.11,CARD,SUCCESS
T90331,1,2025-11-29,L10331,B0500,BR180,EMI_PAYMENT,6328,1915.82,431.23,IMPS,SUCCESS
T90332,1,2025-07-20,L10332,B0141,BR131,EMI_PAYMENT,22325,4097.11,417.1,CARD,SUCCESS
T90333,1,2025-11-17,L10333,B0463,BR009,EMI_PAYMENT,12853,2940.35,337.27,UPI,SUCCESS
T90334,1,2025-04-03,L10334,B0105,BR078,EMI_PAYMENT,20159,4468.78,335.07,NEFT,SUCCESS
T90335,1,2025-08-11,L10335,B0039,BR135,EMI_PAYMENT,21050,2521.65,269.87,NEFT,SUCCESS
T90336,1,2025-07-10,L10336,B0442,BR168,EMI_PAYMENT,23437,3711.02,444.52,NEFT,SUCCESS
T90337,1,2025-06-19,L10337,B0150,BR181,EMI_PAYMENT,9873,2887.12,450.96,NEFT,SUCCESS
T90338,1,2025-04-25,L10338,B0272,BR133,EMI_PAYMENT,18505,5393.9,297.14,CARD,SUCCESS
T90339,1,2025-09-02,L10339,B0101,BR487,EMI_PAYMENT,11713,3001.04,471.1,NEFT,SUCCESS
T90340,1,2025-06-29,L10340,B0305,BR211,EMI_PAYMENT,22195,3649.18,153.44,IMPS,SUCCESS
T90341,1,2025-12-11,L10341,B0214,BR165,EMI_PAYMENT,23522,6917.44,200.81,NEFT,SUCCESS
T90342,1,2025-05-07,L10342,B0130,BR320,EMI_PAYMENT,11833,2411.0,449.2,NEFT,SUCCESS
T90343,1,2025-07-18,L10343,B0183,BR059,EMI_PAYMENT,9863,2121.8,329.44,NEFT,SUCCESS
T90344,1,2025-05-07,L10344,B0396,BR297,EMI_PAYMENT,24161,2827.59,225.79,IMPS,SUCCESS
T90345,1,2025-07-12,L10345,B0163,BR069,EMI_PAYMENT,22514,7201.63,298.16,IMPS,SUCCESS
T90346,1,2025-06-22,L10346,B0203,BR190,EMI_PAYMENT,23719,6907.75,237.12,UPI,SUCCESS
T90347,1,2025-04-03,L10347,B0383,BR219,EMI_PAYMENT,7421,967.32,245.51,NEFT,SUCCESS
T90348,1,2025-08-19,L10348,B0050,BR192,EMI_PAYMENT,14844,4473.58,291.39,UPI,SUCCESS
T90349,1,2025-05-09,L10349,B0133,BR286,EMI_PAYMENT,24067,4833.14,119.45,IMPS,SUCCESS
T90350,1,2025-10-18,L10350,B0370,BR158,EMI_PAYMENT,22719,5795.56,76.2,IMPS,SUCCESS
T90351,1,2025-05-25,L10351,B0248,BR114,EMI_PAYMENT,10392,3129.42,156.2,CARD,SUCCESS
T90352,1,2025-08-14,L10352,B0389,BR474,EMI_PAYMENT,11946,1475.8,173.1,CARD,SUCCESS
T90353,1,2025-07-09,L10353,B0143,BR256,EMI_PAYMENT,8560,1199.01,328.1,IMPS,SUCCESS
T90354,1,2025-09-13,L10354,B0058,BR373,EMI_PAYMENT,11476,1677.13,156.87,NEFT,SUCCESS
T90355,1,2025-07-06,L10355,B0186,BR216,EMI_PAYMENT,8018,1807.7,259.06,NEFT,SUCCESS
T90356,1,2025-06-12,L10356,B0178,BR156,EMI_PAYMENT,9408,2933.4,97.51,IMPS,SUCCESS
T90357,1,2025-04-29,L10357,B0123,BR429,EMI_PAYMENT,18187,1996.8,485.53,UPI,SUCCESS
T90358,1,2025-07-16,L10358,B0337,BR480,EMI_PAYMENT,23169,4465.86,176.91,IMPS,SUCCESS
T90359,1,2025-08-28,L10359,B0205,BR325,EMI_PAYMENT,15222,2129.73,173.08,UPI,SUCCESS
T90360,1,2025-10-26,L10360,B0302,BR404,EMI_PAYMENT,15458,4833.22,314.41,NEFT,SUCCESS
T90361,1,2025-04-18,L10361,B0487,BR500,EMI_PAYMENT,8621,2378.97,148.71,CARD,SUCCESS
T90362,1,2025-07-06,L10362,B0192,BR129,EMI_PAYMENT,18562,4264.35,69.09,NEFT,SUCCESS
T90363,1,2025-07-15,L10363,B0276,BR415,EMI_PAYMENT,21497,4993.48,181.42,IMPS,SUCCESS
T90364,1,2025-05-19,L10364,B0394,BR141,EMI_PAYMENT,17928,4779.71,298.41,IMPS,SUCCESS
T90365,1,2025-08-14,L10365,B0169,BR032,EMI_PAYMENT,8560,2298.18,73.93,NEFT,SUCCESS
T90366,1,2025-07-14,L10366,B0379,BR146,EMI_PAYMENT,7280,1227.93,301.96,NEFT,SUCCESS
T90367,1,2025-06-23,L10367,B0433,BR476,EMI_PAYMENT,11765,3477.73,112.05,NEFT,SUCCESS
T90368,1,2025-08-09,L10368,B0208,BR099,EMI_PAYMENT,19389,3509.52,396.44,NEFT,SUCCESS
T90369,1,2025-08-01,L10369,B0182,BR116,EMI_PAYMENT,6170,1027.34,487.9,NEFT,SUCCESS
T90370,1,2025-06-12,L10370,B0158,BR382,EMI_PAYMENT,15112,4881.4,255.57,NEFT,SUCCESS
T90371,1,2025-09-15,L10371,B0412,BR171,EMI_PAYMENT,6264,1086.56,158.19,UPI,SUCCESS
T90372,1,2025-05-03,L10372,B0043,BR398,EMI_PAYMENT,16206,3509.15,239.42,NEFT,SUCCESS
T90373,1,2025-08-12,L10373,B0147,BR097,EMI_PAYMENT,10060,2203.81,174.89,UPI,SUCCESS
T90374,1,2025-06-16,L10374,B0468,BR058,EMI_PAYMENT,9412,1970.18,307.92,UPI,SUCCESS
T90375,1,2025-04-07,L10375,B0229,BR468,EMI_PAYMENT,7320,1479.15,360.98,CARD,SUCCESS
T90376,1,2025-06-11,L10376,B0225,BR324,EMI_PAYMENT,15781,5314.94,288.3,CARD,SUCCESS
T90377,1,2025-10-13,L10377,B0310,BR008,EMI_PAYMENT,18775,3118.72,72.61,NEFT,SUCCESS
T90378,1,2025-08-02,L10378,B0387,BR494,EMI_PAYMENT,17510,3224.49,268.54,UPI,SUCCESS
T90379,1,2025-05-15,L10379,B0121,BR256,EMI_PAYMENT,20651,5230.75,407.05,UPI,SUCCESS
T90380,1,2025-10-31,L10380,B0483,BR035,EMI_PAYMENT,16148,3850.62,483.08,CARD,SUCCESS
T90381,1,2025-07-07,L10381,B0330,BR108,EMI_PAYMENT,10743,3657.02,260.53,NEFT,SUCCESS
T90382,1,2025-07-08,L10382,B0446,BR367,EMI_PAYMENT,15977,4214.03,374.53,IMPS,SUCCESS
T90383,1,2025-01-17,L10383,B0425,BR452,EMI_PAYMENT,12308,4268.72,476.75,NEFT,SUCCESS
T90384,1,2025-05-10,L10384,B0266,BR121,EMI_PAYMENT,16112,3610.86,440.32,CARD,SUCCESS
T90385,1,2025-07-03,L10385,B0139,BR492,EMI_PAYMENT,6965,1917.24,388.67,IMPS,SUCCESS
T90386,1,2025-05-22,L10386,B0126,BR448,EMI_PAYMENT,20048,3825.14,456.07,CARD,SUCCESS
T90387,1,2025-07-05,L10387,B0263,BR324,EMI_PAYMENT,19208,3566.15,416.17,NEFT,SUCCESS
T90388,1,2025-03-06,L10388,B0339,BR499,EMI_PAYMENT,19502,3489.47,336.7,IMPS,SUCCESS
T90389,1,2025-11-05,L10389,B0099,BR159,EMI_PAYMENT,11120,1868.68,338.63,CARD,SUCCESS
T90390,1,2025-09-30,L10390,B0128,BR085,EMI_PAYMENT,15845,3564.5,53.3,IMPS,SUCCESS
T90391,1,2025-05-03,L10391,B0286,BR434,EMI_PAYMENT,12212,1633.03,245.89,UPI,SUCCESS
T90392,1,2025-09-04,L10392,B0011,BR068,EMI_PAYMENT,5819,1978.56,391.14,IMPS,SUCCESS
T90393,1,2025-07-21,L10393,B0472,BR326,EMI_PAYMENT,10467,1744.35,258.12,CARD,SUCCESS
T90394,1,2025-02-24,L10394,B0113,BR331,EMI_PAYMENT,20750,3081.3,378.3,IMPS,SUCCESS
T90395,1,2025-08-05,L10395,B0397,BR036,EMI_PAYMENT,5697,1477.07,330.38,NEFT,SUCCESS
T90396,1,2025-03-11,L10396,B0446,BR351,EMI_PAYMENT,17412,3097.1,102.78,IMPS,SUCCESS
T90397,1,2025-04-21,L10397,B0357,BR348,EMI_PAYMENT,8463,1070.66,309.46,IMPS,SUCCESS
T90398,1,2025-05-28,L10398,B0143,BR231,EMI_PAYMENT,6544,1789.65,232.07,CARD,SUCCESS
T90399,1,2025-09-02,L10399,B0388,BR070,EMI_PAYMENT,11620,2446.3,444.69,IMPS,SUCCESS
T90400,1,2025-08-24,L10400,B0064,BR039,EMI_PAYMENT,9706,2764.07,372.43,IMPS,SUCCESS
T90401,1,2025-02-16,L10401,B0045,BR340,EMI_PAYMENT,6515,1241.21,143.57,CARD,SUCCESS
T90402,1,2025-09-04,L10402,B0172,BR479,EMI_PAYMENT,10426,2725.26,324.24,IMPS,SUCCESS
T90403,1,2025-08-14,L10403,B0045,BR460,EMI_PAYMENT,16803,4524.49,495.74,CARD,SUCCESS
T90404,1,2025-08-27,L10404,B0124,BR014,EMI_PAYMENT,7832,1235.44,341.59,UPI,SUCCESS
T90405,1,2025-02-20,L10405,B0487,BR062,EMI_PAYMENT,5246,742.57,299.6,IMPS,SUCCESS
T90406,1,2025-02-08,L10406,B0375,BR437,EMI_PAYMENT,12018,1868.07,307.87,IMPS,SUCCESS
T90407,1,2025-08-09,L10407,B0144,BR417,EMI_PAYMENT,16566,3762.29,499.51,CARD,SUCCESS
T90408,1,2025-05-12,L10408,B0204,BR257,EMI_PAYMENT,9954,2058.63,195.93,UPI,SUCCESS
T90409,1,2025-06-21,L10409,B0081,BR319,EMI_PAYMENT,24031,8035.43,114.46,CARD,SUCCESS
T90410,1,2025-07-21,L10410,B0410,BR327,EMI_PAYMENT,12566,3434.31,408.91,IMPS,SUCCESS
T90411,1,2025-12-01,L10411,B0105,BR102,EMI_PAYMENT,12550,3565.05,76.45,UPI,SUCCESS
T90412,1,2025-08-05,L10412,B0429,BR144,EMI_PAYMENT,18841,6452.01,451.33,NEFT,SUCCESS
T90413,1,2025-07-03,L10413,B0373,BR167,EMI_PAYMENT,6355,1352.39,457.37,UPI,SUCCESS
T90414,1,2025-05-28,L10414,B0143,BR459,EMI_PAYMENT,22734,2361.22,421.37,CARD,SUCCESS
T90415,1,2025-03-04,L10415,B0022,BR125,EMI_PAYMENT,19857,2655.66,231.68,NEFT,SUCCESS
T90416,1,2025-06-18,L10416,B0022,BR015,EMI_PAYMENT,19661,4233.22,394.38,IMPS,SUCCESS
T90417,1,2025-09-09,L10417,B0100,BR418,EMI_PAYMENT,11497,2847.11,329.91,IMPS,SUCCESS
T90418,1,2025-09-14,L10418,B0083,BR447,EMI_PAYMENT,21018,4158.43,54.91,NEFT,SUCCESS
T90419,1,2025-09-24,L10419,B0302,BR262,EMI_PAYMENT,20261,4921.82,388.59,NEFT,SUCCESS
T90420,1,2025-09-07,L10420,B0448,BR244,EMI_PAYMENT,14715,2912.7,165.09,NEFT,SUCCESS
T90421,1,2025-05-08,L10421,B0050,BR495,EMI_PAYMENT,15790,1723.35,379.38,CARD,SUCCESS
T90422,1,2025-07-13,L10422,B0266,BR332,EMI_PAYMENT,14466,1816.78,165.09,UPI,SUCCESS
T90423,1,2025-04-17,L10423,B0405,BR381,EMI_PAYMENT,16301,3452.02,181.91,NEFT,SUCCESS
T90424,1,2025-03-11,L10424,B0062,BR394,EMI_PAYMENT,15375,2176.17,471.41,CARD,SUCCESS
T90425,1,2025-08-30,L10425,B0341,BR485,EMI_PAYMENT,10849,2800.24,211.0,IMPS,SUCCESS
T90426,1,2025-11-18,L10426,B0277,BR081,EMI_PAYMENT,11386,3869.01,109.16,IMPS,SUCCESS
T90427,1,2025-06-21,L10427,B0428,BR340,EMI_PAYMENT,5181,935.4,450.67,CARD,SUCCESS
T90428,1,2025-09-15,L10428,B0180,BR315,EMI_PAYMENT,7458,1256.85,202.41,NEFT,SUCCESS
T90429,1,2025-06-07,L10429,B0240,BR224,EMI_PAYMENT,14503,4608.16,173.64,CARD,SUCCESS
T90430,1,2025-05-04,L10430,B0061,BR447,EMI_PAYMENT,10871,2421.62,335.04,IMPS,SUCCESS
T90431,1,2025-07-05,L10431,B0223,BR296,EMI_PAYMENT,22233,4453.82,415.49,IMPS,SUCCESS
T90432,1,2025-05-31,L10432,B0230,BR460,EMI_PAYMENT,22312,2545.45,408.73,NEFT,SUCCESS
T90433,1,2025-08-07,L10433,B0451,BR172,EMI_PAYMENT,16112,5015.11,354.77,IMPS,SUCCESS
T90434,1,2025-04-21,L10434,B0466,BR116,EMI_PAYMENT,23540,6338.23,399.13,UPI,SUCCESS
T90435,1,2025-08-02,L10435,B0012,BR197,EMI_PAYMENT,6666,2207.3,231.89,CARD,SUCCESS
T90436,1,2025-04-10,L10436,B0195,BR393,EMI_PAYMENT,15977,4071.24,404.38,CARD,SUCCESS
T90437,1,2025-08-15,L10437,B0357,BR237,EMI_PAYMENT,19078,4847.92,476.09,NEFT,SUCCESS
T90438,1,2025-08-05,L10438,B0179,BR336,EMI_PAYMENT,8590,1385.48,133.69,CARD,SUCCESS
T90439,1,2025-10-12,L10439,B0242,BR236,EMI_PAYMENT,21727,4920.67,271.83,UPI,SUCCESS
T90440,1,2025-07-06,L10440,B0075,BR424,EMI_PAYMENT,8946,1618.04,66.82,NEFT,SUCCESS
T90441,1,2025-07-08,L10441,B0294,BR494,EMI_PAYMENT,8223,1476.35,307.42,NEFT,SUCCESS
T90442,1,2025-08-27,L10442,B0318,BR348,EMI_PAYMENT,18155,4578.48,302.84,CARD,SUCCESS
T90443,1,2025-06-20,L10443,B0497,BR062,EMI_PAYMENT,21807,5962.53,164.38,NEFT,SUCCESS
T90444,1,2025-08-06,L10444,B0424,BR062,EMI_PAYMENT,13040,2412.3,144.36,CARD,SUCCESS
T90445,1,2025-06-02,L10445,B0444,BR395,EMI_PAYMENT,18870,6406.54,314.61,NEFT,SUCCESS
T90446,1,2025-08-19,L10446,B0271,BR183,EMI_PAYMENT,5113,1780.6,438.07,UPI,SUCCESS
T90447,1,2025-11-25,L10447,B0348,BR344,EMI_PAYMENT,24475,7016.47,146.34,UPI,SUCCESS
T90448,1,2025-05-17,L10448,B0454,BR118,EMI_PAYMENT,23727,4207.39,215.91,NEFT,SUCCESS
T90449,1,2025-06-26,L10449,B0122,BR280,EMI_PAYMENT,19351,3327.76,395.41,NEFT,SUCCESS
T90450,1,2025-11-30,L10450,B0048,BR065,EMI_PAYMENT,20914,4123.29,75.0,IMPS,SUCCESS
T90451,1,2025-04-04,L10451,B0158,BR346,EMI_PAYMENT,21686,3791.43,277.29,NEFT,SUCCESS
T90452,1,2025-07-28,L10452,B0176,BR227,EMI_PAYMENT,23296,5759.3,133.8,CARD,SUCCESS
T90453,1,2025-05-14,L10453,B0407,BR010,EMI_PAYMENT,23830,3207.25,215.68,NEFT,SUCCESS
T90454,1,2025-08-22,L10454,B0368,BR326,EMI_PAYMENT,19222,5767.09,435.21,IMPS,SUCCESS
T90455,1,2025-09-30,L10455,B0357,BR214,EMI_PAYMENT,16924,1889.55,457.83,NEFT,SUCCESS
T90456,1,2025-09-07,L10456,B0087,BR102,EMI_PAYMENT,6770,2005.91,356.95,CARD,SUCCESS
T90457,1,2025-10-04,L10457,B0406,BR306,EMI_PAYMENT,15019,2296.26,96.07,NEFT,SUCCESS
T90458,1,2025-06-26,L10458,B0128,BR157,EMI_PAYMENT,19328,6656.61,316.05,CARD,SUCCESS
T90459,1,2025-06-22,L10459,B0465,BR089,EMI_PAYMENT,24835,7853.43,151.75,NEFT,SUCCESS
T90460,1,2025-08-03,L10460,B0106,BR175,EMI_PAYMENT,15492,2273.9,279.99,NEFT,SUCCESS
T90461,1,2025-05-01,L10461,B0159,BR393,EMI_PAYMENT,8975,1581.96,425.69,UPI,SUCCESS
T90462,1,2025-09-04,L10462,B0053,BR455,EMI_PAYMENT,13562,3954.56,317.37,UPI,SUCCESS
T90463,1,2025-06-18,L10463,B0450,BR185,EMI_PAYMENT,20155,3739.15,224.48,CARD,SUCCESS
T90464,1,2025-07-19,L10464,B0327,BR260,EMI_PAYMENT,18839,3620.21,432.39,UPI,SUCCESS
T90465,1,2025-07-27,L10465,B0240,BR264,EMI_PAYMENT,18418,3189.5,325.33,NEFT,SUCCESS
T90466,1,2025-06-16,L10466,B0496,BR367,EMI_PAYMENT,9308,2781.71,495.46,NEFT,SUCCESS
T90467,1,2025-05-04,L10467,B0321,BR221,EMI_PAYMENT,16759,1893.84,421.87,CARD,SUCCESS
T90468,1,2025-06-08,L10468,B0175,BR237,EMI_PAYMENT,7881,1585.65,210.94,UPI,SUCCESS
T90469,1,2025-05-17,L10469,B0064,BR014,EMI_PAYMENT,8717,1261.07,203.47,NEFT,SUCCESS
T90470,1,2025-09-25,L10470,B0431,BR233,EMI_PAYMENT,9342,1786.16,180.71,IMPS,SUCCESS
T90471,1,2025-04-05,L10471,B0493,BR166,EMI_PAYMENT,15679,3639.25,323.71,NEFT,SUCCESS
T90472,1,2025-07-16,L10472,B0068,BR357,EMI_PAYMENT,16276,2420.18,456.0,UPI,SUCCESS
T90473,1,2025-06-02,L10473,B0451,BR322,EMI_PAYMENT,21029,6850.64,235.32,CARD,SUCCESS
T90474,1,2025-12-06,L10474,B0268,BR390,EMI_PAYMENT,12827,2055.19,253.72,CARD,SUCCESS
T90475,1,2025-07-06,L10475,B0089,BR383,EMI_PAYMENT,24715,6000.27,125.43,IMPS,SUCCESS
T90476,1,2025-09-11,L10476,B0113,BR264,EMI_PAYMENT,9619,2873.68,298.45,UPI,SUCCESS
T90477,1,2025-11-22,L10477,B0320,BR302,EMI_PAYMENT,20363,3116.0,106.19,CARD,SUCCESS
T90478,1,2025-09-27,L10478,B0342,BR201,EMI_PAYMENT,20974,5161.37,149.65,NEFT,SUCCESS
T90479,1,2025-04-18,L10479,B0130,BR125,EMI_PAYMENT,10556,3049.74,241.13,NEFT,SUCCESS
T90480,1,2025-07-24,L10480,B0272,BR017,EMI_PAYMENT,18167,2949.85,55.47,CARD,SUCCESS
T90481,1,2025-06-17,L10481,B0385,BR259,EMI_PAYMENT,5806,1059.37,335.92,UPI,SUCCESS
T90482,1,2025-02-13,L10482,B0165,BR063,EMI_PAYMENT,21094,2817.51,368.71,IMPS,SUCCESS
T90483,1,2025-07-31,L10483,B0413,BR070,EMI_PAYMENT,12892,2205.4,236.75,UPI,SUCCESS
T90484,1,2025-09-29,L10484,B0477,BR154,EMI_PAYMENT,18104,5590.91,356.6,IMPS,SUCCESS
T90485,1,2025-08-20,L10485,B0104,BR107,EMI_PAYMENT,8831,2386.73,192.03,UPI,SUCCESS
T90486,1,2025-08-22,L10486,B0181,BR492,EMI_PAYMENT,21877,3704.65,420.78,CARD,SUCCESS
T90487,1,2025-07-13,L10487,B0373,BR241,EMI_PAYMENT,21483,2532.02,485.4,CARD,SUCCESS
T90488,1,2025-04-18,L10488,B0196,BR163,EMI_PAYMENT,18328,3969.25,322.62,CARD,SUCCESS
T90489,1,2025-08-21,L10489,B0161,BR147,EMI_PAYMENT,11447,3830.88,421.09,NEFT,SUCCESS
T90490,1,2025-04-08,L10490,B0262,BR417,EMI_PAYMENT,24928,3362.47,220.78,NEFT,SUCCESS
T90491,1,2025-02-28,L10491,B0427,BR479,EMI_PAYMENT,13500,4150.64,127.12,UPI,SUCCESS
T90492,1,2025-07-17,L10492,B0439,BR061,EMI_PAYMENT,20592,3417.06,333.87,UPI,SUCCESS
T90493,1,2025-02-02,L10493,B0372,BR362,EMI_PAYMENT,20501,5573.02,489.59,CARD,SUCCESS
T90494,1,2025-04-25,L10494,B0422,BR147,EMI_PAYMENT,20983,6328.11,137.61,UPI,SUCCESS
T90495,1,2025-09-22,L10495,B0426,BR042,EMI_PAYMENT,5009,1250.65,223.71,UPI,SUCCESS
T90496,1,2025-06-26,L10496,B0145,BR353,EMI_PAYMENT,8407,1460.97,428.75,IMPS,SUCCESS
T90497,1,2025-11-13,L10497,B0097,BR433,EMI_PAYMENT,11274,2555.79,422.74,IMPS,SUCCESS
T90498,1,2025-04-29,L10498,B0156,BR047,EMI_PAYMENT,5354,1083.19,369.03,UPI,SUCCESS
T90499,1,2025-06-02,L10499,B0352,BR476,EMI_PAYMENT,23162,4267.33,293.12,NEFT,SUCCESS
T90500,1,2025-07-08,L10500,B0442,BR095,EMI_PAYMENT,5575,797.47,318.82,CARD,SUCCESS
