{
  "name" : "mt_dim_loan_scd2-1770222718822",
  "sourceOrgId" : "8lOXUYXA6MvcEtiho9uJEp",
  "sourceOrgName" : "LT",
  "exportedObjects" : [ {
    "objectGuid" : "kX6uCe4zISPcudxxLPHLWx",
    "objectName" : "DESKTOP-0FU31RQ",
    "objectType" : "AgentGroup",
    "path" : "/SYS",
    "providerName" : null,
    "metadata" : {
      "modelVersion" : {
        "major" : 0,
        "minor" : 0
      },
      "repoInfo" : {
        "repoHandle" : "0136O225000000000002"
      },
      "objectRefs" : [ ],
      "contextAttributes" : [ {
        "name" : "id",
        "value" : "@1"
      } ],
      "additionalInfo" : {
        "description" : null,
        "contentType" : "JSON",
        "documentState" : "VALID"
      }
    }
  }, {
    "objectGuid" : "gw2CEJFcxG2hPUwualVwsD",
    "objectName" : "IDMC_TRAINING",
    "objectType" : "Project",
    "path" : "/Explore",
    "providerName" : null,
    "metadata" : {
      "modelVersion" : {
        "major" : 0,
        "minor" : 0
      },
      "repoInfo" : null,
      "objectRefs" : [ ],
      "contextAttributes" : [ ],
      "additionalInfo" : {
        "description" : "",
        "contentType" : "Binary",
        "documentState" : "COMPLETE"
      }
    }
  }, {
    "objectGuid" : "eOrQIuGE0E9lHc7EeRCyED",
    "objectName" : "mt_dim_loan_scd2",
    "objectType" : "MTT",
    "path" : "/Explore/IDMC_TRAINING",
    "providerName" : null,
    "metadata" : {
      "modelVersion" : {
        "major" : 0,
        "minor" : 0
      },
      "repoInfo" : {
        "repoHandle" : "0136O20Z00000000000Z"
      },
      "objectRefs" : [ "kX6uCe4zISPcudxxLPHLWx", "fdDpkS3Sug5b9VC923SUE4", "gZ8z1yxu1O8jd06imPLHY5" ],
      "contextAttributes" : [ {
        "name" : "id",
        "value" : "@1"
      } ],
      "additionalInfo" : {
        "description" : null,
        "contentType" : "JSON",
        "documentState" : "VALID"
      }
    }
  }, {
    "objectGuid" : "gZ8z1yxu1O8jd06imPLHY5",
    "objectName" : "m_dim_loan_scd2",
    "objectType" : "DTEMPLATE",
    "path" : "/Explore/IDMC_TRAINING",
    "providerName" : null,
    "metadata" : {
      "modelVersion" : {
        "major" : 0,
        "minor" : 0
      },
      "repoInfo" : {
        "repoHandle" : "0136O217000000000010"
      },
      "objectRefs" : [ "fdDpkS3Sug5b9VC923SUE4" ],
      "contextAttributes" : [ {
        "name" : "id",
        "value" : "@1"
      } ],
      "additionalInfo" : {
        "description" : "",
        "contentType" : "JSON",
        "documentState" : "VALID"
      }
    }
  }, {
    "objectGuid" : "fdDpkS3Sug5b9VC923SUE4",
    "objectName" : "snowflake_con",
    "objectType" : "Connection",
    "path" : "/SYS",
    "providerName" : null,
    "metadata" : {
      "modelVersion" : {
        "major" : 0,
        "minor" : 0
      },
      "repoInfo" : {
        "repoHandle" : "0136O20B000000000004"
      },
      "objectRefs" : [ "kX6uCe4zISPcudxxLPHLWx" ],
      "contextAttributes" : [ {
        "name" : "id",
        "value" : "@1"
      } ],
      "additionalInfo" : {
        "description" : null,
        "contentType" : "JSON",
        "documentState" : "COMPLETE"
      }
    }
  } ]
}