{
  "name" : "M_DIM_BRANCH_TYPE1-1770269747784",
  "sourceOrgId" : "0giEv14IcIZeOZ8liU1ZKv",
  "sourceOrgName" : "LTIMindtree",
  "exportedObjects" : [ {
    "objectGuid" : "5awgfiOF8EgkLwC07ZPHar",
    "objectName" : "snowflake_project",
    "objectType" : "Connection",
    "path" : "/SYS",
    "providerName" : null,
    "metadata" : {
      "modelVersion" : {
        "major" : 0,
        "minor" : 0
      },
      "repoInfo" : {
        "repoHandle" : "01DJUF0B000000000009"
      },
      "objectRefs" : [ "2MM53zZRd8neUtUK8bSask" ],
      "contextAttributes" : [ {
        "name" : "id",
        "value" : "@1"
      } ],
      "additionalInfo" : {
        "description" : null,
        "contentType" : "JSON",
        "documentState" : "COMPLETE"
      }
    }
  }, {
    "objectGuid" : "3cCGV2BkWKyk8z00y6HZ4C",
    "objectName" : "M_DIM_BRANCH_TYPE1",
    "objectType" : "DTEMPLATE",
    "path" : "/Explore/Exams",
    "providerName" : null,
    "metadata" : {
      "modelVersion" : {
        "major" : 0,
        "minor" : 0
      },
      "repoInfo" : {
        "repoHandle" : "01DJUF17000000000029"
      },
      "objectRefs" : [ "5awgfiOF8EgkLwC07ZPHar" ],
      "contextAttributes" : [ {
        "name" : "id",
        "value" : "@1"
      } ],
      "additionalInfo" : {
        "description" : "",
        "contentType" : "JSON",
        "documentState" : "VALID"
      }
    }
  }, {
    "objectGuid" : "2MM53zZRd8neUtUK8bSask",
    "objectName" : "DESKTOP-0FU31RQ",
    "objectType" : "AgentGroup",
    "path" : "/SYS",
    "providerName" : null,
    "metadata" : {
      "modelVersion" : {
        "major" : 0,
        "minor" : 0
      },
      "repoInfo" : {
        "repoHandle" : "01DJUF25000000000002"
      },
      "objectRefs" : [ ],
      "contextAttributes" : [ {
        "name" : "id",
        "value" : "@1"
      } ],
      "additionalInfo" : {
        "description" : null,
        "contentType" : "JSON",
        "documentState" : "VALID"
      }
    }
  }, {
    "objectGuid" : "7gasblRrIOjitqUp7Fio2U",
    "objectName" : "Exams",
    "objectType" : "Project",
    "path" : "/Explore",
    "providerName" : null,
    "metadata" : {
      "modelVersion" : {
        "major" : 0,
        "minor" : 0
      },
      "repoInfo" : null,
      "objectRefs" : [ ],
      "contextAttributes" : [ ],
      "additionalInfo" : {
        "description" : "",
        "contentType" : "Binary",
        "documentState" : "COMPLETE"
      }
    }
  } ]
}