objectPath,objectName,objectType,id
/Explore/CAP_PROJECT,mt_dim_date,MTT,lvx4Gm1EOQcheZ8WD53okX
/Explore/CAP_PROJECT,mt_branch_clean,MTT,3EsovkDaH5fb0kSvOUjDkT
/Explore/CAP_PROJECT,m_branch_clean,DTEMPLATE,8XBXRkA7jKyiNquDWdFIco
/Explore/CAP_PROJECT,DIM_TASKFLOW_COMPLETE,TASKFLOW,111dpvFAWRTeF7QGaYFYCv
/Explore/CAP_PROJECT,FINAL_LOAN_MT,MTT,8Y1KNRlew47j5tBxEINf0U
/Explore/CAP_PROJECT,mt_borrower_clean,MTT,dOKx59FmZGace5294nNwAZ
/Explore/Exams,m_fact_loan_txn,DTEMPLATE,3H0SWdt8WDShJCFWfQhIe4
/Explore/CAP_PROJECT,m_transaction_clean_1,DTEMPLATE,3WHa146DwTZiMSVJVZ5B2P
/Explore,Exams,Project,7oJPF7FD3efbFSfUW3Opgo
/Explore/CAP_PROJECT,m_loan_clean,DTEMPLATE,2clB5JJY8cYkqZGmxSQyOA
/Explore/CAP_PROJECT,FINAL_BORROWER_MT,MTT,7Mn9GMClXpFlX0wKuReCUu
/Explore/CAP_PROJECT,m_dim_date_,DTEMPLATE,fN83QeTgaQMjkiSumOFH4W
/Explore/CAP_PROJECT,m_dim_borrower_scd2,DTEMPLATE,3UhGn3yV4MUldizC8rMBuP
/SYS,snowflake_con,Connection,fdDpkS3Sug5b9VC923SUE4
/Explore/CAP_PROJECT,m_dim_loan_scd2,DTEMPLATE,gZ8z1yxu1O8jd06imPLHY5
/Explore/CAP_PROJECT,FACT_LOAN_TXN_TASKFLOW,TASKFLOW,3UKCzXnjk6mkzASbD7llAV
/SYS,DESKTOP-0FU31RQ,AgentGroup,kX6uCe4zISPcudxxLPHLWx
/Explore/CAP_PROJECT,m_dim_branch_scd1,DTEMPLATE,irsytl7zwEgd8qHL44UaYG
/Explore/CAP_PROJECT,mt_transaction_clean,MTT,2VDPPbAgbh3ihX8Q1lY6cB
/Explore/CAP_PROJECT,FINAL_FLOW_PROJECT,TASKFLOW,7yXJY32Ygl4b21NstMTEAF
/Explore/CAP_PROJECT,mt_loan_clean,MTT,2LyPzBWlajCfdYFgDG4bAJ
/Explore/CAP_PROJECT,FINAL_FACT_MT,MTT,8nxnUENPFqveMtM3PMISWr
/Explore/CAP_PROJECT,FINAL_BRANCH_MT,MTT,8KfejFLEdQ4dH4YF6gp4yw
/Explore/CAP_PROJECT,m_borrower_clean,DTEMPLATE,aJMprGZo0g5hWFXbLgKb4H
/Explore,CAP_PROJECT,Project,alodiV7UF64k8RT1J2fgGt