{
  "name" : "FINAL_FLOW_PROJECT-1770455682136",
  "sourceOrgId" : "8lOXUYXA6MvcEtiho9uJEp",
  "sourceOrgName" : "LT",
  "exportedObjects" : [ {
    "objectGuid" : "lvx4Gm1EOQcheZ8WD53okX",
    "objectName" : "mt_dim_date",
    "objectType" : "MTT",
    "path" : "/Explore/CAP_PROJECT",
    "providerName" : null,
    "metadata" : {
      "modelVersion" : {
        "major" : 0,
        "minor" : 0
      },
      "repoInfo" : {
        "repoHandle" : "0136O20Z00000000001E"
      },
      "objectRefs" : [ "kX6uCe4zISPcudxxLPHLWx", "fN83QeTgaQMjkiSumOFH4W", "fdDpkS3Sug5b9VC923SUE4" ],
      "contextAttributes" : [ {
        "name" : "id",
        "value" : "@1"
      } ],
      "additionalInfo" : {
        "description" : null,
        "contentType" : "JSON",
        "documentState" : "VALID"
      }
    }
  }, {
    "objectGuid" : "3EsovkDaH5fb0kSvOUjDkT",
    "objectName" : "mt_branch_clean",
    "objectType" : "MTT",
    "path" : "/Explore/CAP_PROJECT",
    "providerName" : null,
    "metadata" : {
      "modelVersion" : {
        "major" : 0,
        "minor" : 0
      },
      "repoInfo" : {
        "repoHandle" : "0136O20Z000000000016"
      },
      "objectRefs" : [ "kX6uCe4zISPcudxxLPHLWx", "8XBXRkA7jKyiNquDWdFIco", "fdDpkS3Sug5b9VC923SUE4" ],
      "contextAttributes" : [ {
        "name" : "id",
        "value" : "@1"
      } ],
      "additionalInfo" : {
        "description" : null,
        "contentType" : "JSON",
        "documentState" : "VALID"
      }
    }
  }, {
    "objectGuid" : "8XBXRkA7jKyiNquDWdFIco",
    "objectName" : "m_branch_clean",
    "objectType" : "DTEMPLATE",
    "path" : "/Explore/CAP_PROJECT",
    "providerName" : null,
    "metadata" : {
      "modelVersion" : {
        "major" : 0,
        "minor" : 0
      },
      "repoInfo" : {
        "repoHandle" : "0136O217000000000019"
      },
      "objectRefs" : [ "fdDpkS3Sug5b9VC923SUE4" ],
      "contextAttributes" : [ {
        "name" : "id",
        "value" : "@1"
      } ],
      "additionalInfo" : {
        "description" : "",
        "contentType" : "JSON",
        "documentState" : "VALID"
      }
    }
  }, {
    "objectGuid" : "111dpvFAWRTeF7QGaYFYCv",
    "objectName" : "DIM_TASKFLOW_COMPLETE",
    "objectType" : "TASKFLOW",
    "path" : "/Explore/CAP_PROJECT",
    "providerName" : null,
    "metadata" : {
      "modelVersion" : {
        "major" : 1,
        "minor" : 0
      },
      "repoInfo" : {
        "repoHandle" : "aaa-gt-3882640-2026-02-06T19:28:59.005Z::tf.xml"
      },
      "objectRefs" : [ "lvx4Gm1EOQcheZ8WD53okX", "3UKCzXnjk6mkzASbD7llAV", "8KfejFLEdQ4dH4YF6gp4yw", "7Mn9GMClXpFlX0wKuReCUu", "8Y1KNRlew47j5tBxEINf0U" ],
      "contextAttributes" : null,
      "additionalInfo" : {
        "description" : "",
        "contentType" : "application/json; charset=utf-8",
        "documentState" : "VALID"
      }
    }
  }, {
    "objectGuid" : "8Y1KNRlew47j5tBxEINf0U",
    "objectName" : "FINAL_LOAN_MT",
    "objectType" : "MTT",
    "path" : "/Explore/CAP_PROJECT",
    "providerName" : null,
    "metadata" : {
      "modelVersion" : {
        "major" : 0,
        "minor" : 0
      },
      "repoInfo" : {
        "repoHandle" : "0136O20Z00000000001L"
      },
      "objectRefs" : [ "kX6uCe4zISPcudxxLPHLWx", "fdDpkS3Sug5b9VC923SUE4", "gZ8z1yxu1O8jd06imPLHY5" ],
      "contextAttributes" : [ {
        "name" : "id",
        "value" : "@1"
      } ],
      "additionalInfo" : {
        "description" : null,
        "contentType" : "JSON",
        "documentState" : "VALID"
      }
    }
  }, {
    "objectGuid" : "dOKx59FmZGace5294nNwAZ",
    "objectName" : "mt_borrower_clean",
    "objectType" : "MTT",
    "path" : "/Explore/CAP_PROJECT",
    "providerName" : null,
    "metadata" : {
      "modelVersion" : {
        "major" : 0,
        "minor" : 0
      },
      "repoInfo" : {
        "repoHandle" : "0136O20Z000000000018"
      },
      "objectRefs" : [ "aJMprGZo0g5hWFXbLgKb4H", "kX6uCe4zISPcudxxLPHLWx", "fdDpkS3Sug5b9VC923SUE4" ],
      "contextAttributes" : [ {
        "name" : "id",
        "value" : "@1"
      } ],
      "additionalInfo" : {
        "description" : null,
        "contentType" : "JSON",
        "documentState" : "VALID"
      }
    }
  }, {
    "objectGuid" : "3H0SWdt8WDShJCFWfQhIe4",
    "objectName" : "m_fact_loan_txn",
    "objectType" : "DTEMPLATE",
    "path" : "/Explore/Exams",
    "providerName" : null,
    "metadata" : {
      "modelVersion" : {
        "major" : 0,
        "minor" : 0
      },
      "repoInfo" : {
        "repoHandle" : "0136O21700000000001D"
      },
      "objectRefs" : [ "fdDpkS3Sug5b9VC923SUE4" ],
      "contextAttributes" : [ {
        "name" : "id",
        "value" : "@1"
      } ],
      "additionalInfo" : {
        "description" : "",
        "contentType" : "JSON",
        "documentState" : "VALID"
      }
    }
  }, {
    "objectGuid" : "3WHa146DwTZiMSVJVZ5B2P",
    "objectName" : "m_transaction_clean_1",
    "objectType" : "DTEMPLATE",
    "path" : "/Explore/CAP_PROJECT",
    "providerName" : null,
    "metadata" : {
      "modelVersion" : {
        "major" : 0,
        "minor" : 0
      },
      "repoInfo" : {
        "repoHandle" : "0136O21700000000001C"
      },
      "objectRefs" : [ "fdDpkS3Sug5b9VC923SUE4" ],
      "contextAttributes" : [ {
        "name" : "id",
        "value" : "@1"
      } ],
      "additionalInfo" : {
        "description" : "",
        "contentType" : "JSON",
        "documentState" : "VALID"
      }
    }
  }, {
    "objectGuid" : "7oJPF7FD3efbFSfUW3Opgo",
    "objectName" : "Exams",
    "objectType" : "Project",
    "path" : "/Explore",
    "providerName" : null,
    "metadata" : {
      "modelVersion" : {
        "major" : 0,
        "minor" : 0
      },
      "repoInfo" : null,
      "objectRefs" : [ ],
      "contextAttributes" : [ ],
      "additionalInfo" : {
        "description" : "",
        "contentType" : "Binary",
        "documentState" : "COMPLETE"
      }
    }
  }, {
    "objectGuid" : "2clB5JJY8cYkqZGmxSQyOA",
    "objectName" : "m_loan_clean",
    "objectType" : "DTEMPLATE",
    "path" : "/Explore/CAP_PROJECT",
    "providerName" : null,
    "metadata" : {
      "modelVersion" : {
        "major" : 0,
        "minor" : 0
      },
      "repoInfo" : {
        "repoHandle" : "0136O21700000000001A"
      },
      "objectRefs" : [ "fdDpkS3Sug5b9VC923SUE4" ],
      "contextAttributes" : [ {
        "name" : "id",
        "value" : "@1"
      } ],
      "additionalInfo" : {
        "description" : "",
        "contentType" : "JSON",
        "documentState" : "VALID"
      }
    }
  }, {
    "objectGuid" : "7Mn9GMClXpFlX0wKuReCUu",
    "objectName" : "FINAL_BORROWER_MT",
    "objectType" : "MTT",
    "path" : "/Explore/CAP_PROJECT",
    "providerName" : null,
    "metadata" : {
      "modelVersion" : {
        "major" : 0,
        "minor" : 0
      },
      "repoInfo" : {
        "repoHandle" : "0136O20Z00000000001M"
      },
      "objectRefs" : [ "kX6uCe4zISPcudxxLPHLWx", "fdDpkS3Sug5b9VC923SUE4", "3UhGn3yV4MUldizC8rMBuP" ],
      "contextAttributes" : [ {
        "name" : "id",
        "value" : "@1"
      } ],
      "additionalInfo" : {
        "description" : null,
        "contentType" : "JSON",
        "documentState" : "VALID"
      }
    }
  }, {
    "objectGuid" : "fN83QeTgaQMjkiSumOFH4W",
    "objectName" : "m_dim_date_",
    "objectType" : "DTEMPLATE",
    "path" : "/Explore/CAP_PROJECT",
    "providerName" : null,
    "metadata" : {
      "modelVersion" : {
        "major" : 0,
        "minor" : 0
      },
      "repoInfo" : {
        "repoHandle" : "0136O217000000000015"
      },
      "objectRefs" : [ "fdDpkS3Sug5b9VC923SUE4" ],
      "contextAttributes" : [ {
        "name" : "id",
        "value" : "@1"
      } ],
      "additionalInfo" : {
        "description" : "",
        "contentType" : "JSON",
        "documentState" : "VALID"
      }
    }
  }, {
    "objectGuid" : "3UhGn3yV4MUldizC8rMBuP",
    "objectName" : "m_dim_borrower_scd2",
    "objectType" : "DTEMPLATE",
    "path" : "/Explore/CAP_PROJECT",
    "providerName" : null,
    "metadata" : {
      "modelVersion" : {
        "major" : 0,
        "minor" : 0
      },
      "repoInfo" : {
        "repoHandle" : "0136O217000000000011"
      },
      "objectRefs" : [ "fdDpkS3Sug5b9VC923SUE4" ],
      "contextAttributes" : [ {
        "name" : "id",
        "value" : "@1"
      } ],
      "additionalInfo" : {
        "description" : "",
        "contentType" : "JSON",
        "documentState" : "VALID"
      }
    }
  }, {
    "objectGuid" : "fdDpkS3Sug5b9VC923SUE4",
    "objectName" : "snowflake_con",
    "objectType" : "Connection",
    "path" : "/SYS",
    "providerName" : null,
    "metadata" : {
      "modelVersion" : {
        "major" : 0,
        "minor" : 0
      },
      "repoInfo" : {
        "repoHandle" : "0136O20B000000000004"
      },
      "objectRefs" : [ "kX6uCe4zISPcudxxLPHLWx" ],
      "contextAttributes" : [ {
        "name" : "id",
        "value" : "@1"
      } ],
      "additionalInfo" : {
        "description" : null,
        "contentType" : "JSON",
        "documentState" : "COMPLETE"
      }
    }
  }, {
    "objectGuid" : "gZ8z1yxu1O8jd06imPLHY5",
    "objectName" : "m_dim_loan_scd2",
    "objectType" : "DTEMPLATE",
    "path" : "/Explore/CAP_PROJECT",
    "providerName" : null,
    "metadata" : {
      "modelVersion" : {
        "major" : 0,
        "minor" : 0
      },
      "repoInfo" : {
        "repoHandle" : "0136O217000000000010"
      },
      "objectRefs" : [ "fdDpkS3Sug5b9VC923SUE4" ],
      "contextAttributes" : [ {
        "name" : "id",
        "value" : "@1"
      } ],
      "additionalInfo" : {
        "description" : "",
        "contentType" : "JSON",
        "documentState" : "VALID"
      }
    }
  }, {
    "objectGuid" : "3UKCzXnjk6mkzASbD7llAV",
    "objectName" : "FACT_LOAN_TXN_TASKFLOW",
    "objectType" : "TASKFLOW",
    "path" : "/Explore/CAP_PROJECT",
    "providerName" : null,
    "metadata" : {
      "modelVersion" : {
        "major" : 1,
        "minor" : 0
      },
      "repoInfo" : {
        "repoHandle" : "ImXycotFgpKi9zh-gt-3875760-2026-02-06T18:54:14.549Z::tf.xml"
      },
      "objectRefs" : [ "8nxnUENPFqveMtM3PMISWr" ],
      "contextAttributes" : null,
      "additionalInfo" : {
        "description" : "",
        "contentType" : "application/json; charset=utf-8",
        "documentState" : "VALID"
      }
    }
  }, {
    "objectGuid" : "kX6uCe4zISPcudxxLPHLWx",
    "objectName" : "DESKTOP-0FU31RQ",
    "objectType" : "AgentGroup",
    "path" : "/SYS",
    "providerName" : null,
    "metadata" : {
      "modelVersion" : {
        "major" : 0,
        "minor" : 0
      },
      "repoInfo" : {
        "repoHandle" : "0136O225000000000002"
      },
      "objectRefs" : [ ],
      "contextAttributes" : [ {
        "name" : "id",
        "value" : "@1"
      } ],
      "additionalInfo" : {
        "description" : null,
        "contentType" : "JSON",
        "documentState" : "VALID"
      }
    }
  }, {
    "objectGuid" : "irsytl7zwEgd8qHL44UaYG",
    "objectName" : "m_dim_branch_scd1",
    "objectType" : "DTEMPLATE",
    "path" : "/Explore/CAP_PROJECT",
    "providerName" : null,
    "metadata" : {
      "modelVersion" : {
        "major" : 0,
        "minor" : 0
      },
      "repoInfo" : {
        "repoHandle" : "0136O217000000000014"
      },
      "objectRefs" : [ "fdDpkS3Sug5b9VC923SUE4" ],
      "contextAttributes" : [ {
        "name" : "id",
        "value" : "@1"
      } ],
      "additionalInfo" : {
        "description" : "",
        "contentType" : "JSON",
        "documentState" : "VALID"
      }
    }
  }, {
    "objectGuid" : "2VDPPbAgbh3ihX8Q1lY6cB",
    "objectName" : "mt_transaction_clean",
    "objectType" : "MTT",
    "path" : "/Explore/CAP_PROJECT",
    "providerName" : null,
    "metadata" : {
      "modelVersion" : {
        "major" : 0,
        "minor" : 0
      },
      "repoInfo" : {
        "repoHandle" : "0136O20Z000000000019"
      },
      "objectRefs" : [ "kX6uCe4zISPcudxxLPHLWx", "fdDpkS3Sug5b9VC923SUE4", "3WHa146DwTZiMSVJVZ5B2P" ],
      "contextAttributes" : [ {
        "name" : "id",
        "value" : "@1"
      } ],
      "additionalInfo" : {
        "description" : null,
        "contentType" : "JSON",
        "documentState" : "VALID"
      }
    }
  }, {
    "objectGuid" : "7yXJY32Ygl4b21NstMTEAF",
    "objectName" : "FINAL_FLOW_PROJECT",
    "objectType" : "TASKFLOW",
    "path" : "/Explore/CAP_PROJECT",
    "providerName" : null,
    "metadata" : {
      "modelVersion" : {
        "major" : 1,
        "minor" : 0
      },
      "repoInfo" : {
        "repoHandle" : "CPwLdqcgm8lnCmp-gt-3694856-2026-02-06T19:46:14.45Z::tf.xml"
      },
      "objectRefs" : [ "2LyPzBWlajCfdYFgDG4bAJ", "3EsovkDaH5fb0kSvOUjDkT", "2VDPPbAgbh3ihX8Q1lY6cB", "111dpvFAWRTeF7QGaYFYCv", "dOKx59FmZGace5294nNwAZ" ],
      "contextAttributes" : null,
      "additionalInfo" : {
        "description" : "",
        "contentType" : "application/json; charset=utf-8",
        "documentState" : "VALID"
      }
    }
  }, {
    "objectGuid" : "2LyPzBWlajCfdYFgDG4bAJ",
    "objectName" : "mt_loan_clean",
    "objectType" : "MTT",
    "path" : "/Explore/CAP_PROJECT",
    "providerName" : null,
    "metadata" : {
      "modelVersion" : {
        "major" : 0,
        "minor" : 0
      },
      "repoInfo" : {
        "repoHandle" : "0136O20Z000000000017"
      },
      "objectRefs" : [ "kX6uCe4zISPcudxxLPHLWx", "2clB5JJY8cYkqZGmxSQyOA", "fdDpkS3Sug5b9VC923SUE4" ],
      "contextAttributes" : [ {
        "name" : "id",
        "value" : "@1"
      } ],
      "additionalInfo" : {
        "description" : null,
        "contentType" : "JSON",
        "documentState" : "VALID"
      }
    }
  }, {
    "objectGuid" : "8nxnUENPFqveMtM3PMISWr",
    "objectName" : "FINAL_FACT_MT",
    "objectType" : "MTT",
    "path" : "/Explore/CAP_PROJECT",
    "providerName" : null,
    "metadata" : {
      "modelVersion" : {
        "major" : 0,
        "minor" : 0
      },
      "repoInfo" : {
        "repoHandle" : "0136O20Z00000000001O"
      },
      "objectRefs" : [ "kX6uCe4zISPcudxxLPHLWx", "3H0SWdt8WDShJCFWfQhIe4", "fdDpkS3Sug5b9VC923SUE4" ],
      "contextAttributes" : [ {
        "name" : "id",
        "value" : "@1"
      } ],
      "additionalInfo" : {
        "description" : null,
        "contentType" : "JSON",
        "documentState" : "VALID"
      }
    }
  }, {
    "objectGuid" : "8KfejFLEdQ4dH4YF6gp4yw",
    "objectName" : "FINAL_BRANCH_MT",
    "objectType" : "MTT",
    "path" : "/Explore/CAP_PROJECT",
    "providerName" : null,
    "metadata" : {
      "modelVersion" : {
        "major" : 0,
        "minor" : 0
      },
      "repoInfo" : {
        "repoHandle" : "0136O20Z00000000001K"
      },
      "objectRefs" : [ "kX6uCe4zISPcudxxLPHLWx", "irsytl7zwEgd8qHL44UaYG", "fdDpkS3Sug5b9VC923SUE4" ],
      "contextAttributes" : [ {
        "name" : "id",
        "value" : "@1"
      } ],
      "additionalInfo" : {
        "description" : null,
        "contentType" : "JSON",
        "documentState" : "VALID"
      }
    }
  }, {
    "objectGuid" : "aJMprGZo0g5hWFXbLgKb4H",
    "objectName" : "m_borrower_clean",
    "objectType" : "DTEMPLATE",
    "path" : "/Explore/CAP_PROJECT",
    "providerName" : null,
    "metadata" : {
      "modelVersion" : {
        "major" : 0,
        "minor" : 0
      },
      "repoInfo" : {
        "repoHandle" : "0136O21700000000001B"
      },
      "objectRefs" : [ "fdDpkS3Sug5b9VC923SUE4" ],
      "contextAttributes" : [ {
        "name" : "id",
        "value" : "@1"
      } ],
      "additionalInfo" : {
        "description" : "",
        "contentType" : "JSON",
        "documentState" : "VALID"
      }
    }
  }, {
    "objectGuid" : "alodiV7UF64k8RT1J2fgGt",
    "objectName" : "CAP_PROJECT",
    "objectType" : "Project",
    "path" : "/Explore",
    "providerName" : null,
    "metadata" : {
      "modelVersion" : {
        "major" : 0,
        "minor" : 0
      },
      "repoInfo" : null,
      "objectRefs" : [ ],
      "contextAttributes" : [ ],
      "additionalInfo" : {
        "description" : "",
        "contentType" : "Binary",
        "documentState" : "COMPLETE"
      }
    }
  } ]
}